prob_class_0,prob_class_1
0.0189,0.981
0.8022,0.1976
0.0,1.0
6e-08,1.0
1.4e-06,1.0
0.8022,0.1976
8.7e-06,1.0
3.87e-05,1.0
0.9946,0.00528
0.8022,0.1976
0.8022,0.1976
0.002562,0.9976
0.0,1.0
0.000142,1.0
0.001221,0.9985
2.15e-06,1.0
2.4e-07,1.0
0.001421,0.9985
0.0006666,0.9995
0.999,0.0008264
0.0,1.0
0.0,1.0
0.007095,0.9927
0.959,0.04123
2.754e-05,1.0
0.9673,0.0326
0.00546,0.9946
0.9995,0.0002685
9.245e-05,1.0
0.5454,0.4546
0.04608,0.954
5.37e-05,1.0
3.04e-06,1.0
0.0007124,0.9995
1.0,2.44e-06
0.0,1.0
4.834e-05,1.0
0.9995,0.000277
0.007668,0.992
0.1812,0.819
0.1552,0.8447
0.0,1.0
6e-08,1.0
0.789,0.2108
8.85e-05,1.0
1.44e-05,1.0
0.9043,0.0959
0.9897,0.01017
1.0,9.954e-05
1.0,0.0002123
5e-07,1.0
1.0,1e-07
0.0,1.0
0.0,1.0
0.989,0.011375
0.976,0.02371
1.0,5.66e-06
4.99e-05,1.0
1.0,5.96e-06
1.0,1.51e-05
0.002998,0.997
1.0,2e-07
8.5e-06,1.0
1.9e-06,1.0
0.8022,0.1976
6.6e-07,1.0
0.001214,0.999
0.949,0.0508
1.0,0.0001177
0.0,1.0
0.9897,0.01041
1.0,2.146e-05
0.0002527,0.9995
0.8022,0.1976
0.0,1.0
1.0,3.1e-06
1.0,9.5e-07
0.8022,0.1976
1.03e-05,1.0
0.0,1.0
6e-08,1.0
6e-08,1.0
0.0001329,1.0
0.999,0.001057
1e-07,1.0
0.0,1.0
0.0001268,1.0
6.74e-06,1.0
0.9453,0.0546
0.7856,0.2141
3.22e-05,1.0
0.0002123,1.0
0.0341,0.966
0.0,1.0
0.311,0.689
3.6e-07,1.0
6.95e-05,1.0
0.011116,0.989
0.746,0.2537
1.0,3e-07
0.1362,0.864
0.0006485,0.9995
0.999,0.0008426
1.0,2.26e-05
0.7866,0.2135
0.617,0.3828
1.0,6.14e-06
1.0,0.0
3e-06,1.0
1.0,3.35e-05
1.0,0.00011635
6e-08,1.0
6e-08,1.0
9.95e-06,1.0
1.0,5.347e-05
0.9907,0.009415
0.00313,0.997
0.911,0.0888
0.0,1.0
3.34e-06,1.0
0.0,1.0
0.4053,0.5947
0.003765,0.996
0.8022,0.1976
0.0896,0.91
0.8022,0.1976
0.9526,0.0472
0.8096,0.1904
1.0,5.27e-05
1.0,0.0
0.001984,0.998
2.7e-06,1.0
2e-07,1.0
0.0,1.0
0.00011915,1.0
1.264e-05,1.0
0.9893,0.01057
1.466e-05,1.0
0.4937,0.5063
0.0,1.0
0.0004618,0.9995
0.8022,0.1976
0.9087,0.0913
0.7817,0.2184
0.869,0.1311
1.0,2.26e-06
8.94e-06,1.0
2.4e-06,1.0
0.985,0.01516
1.0,3.24e-05
0.0002108,1.0
0.4465,0.553
0.9995,0.000708
2.28e-05,1.0
0.0,1.0
0.001378,0.9985
1.0,2.86e-06
1.0,2.3e-06
0.8022,0.1976
0.8022,0.1976
1.0,4.58e-05
0.001359,0.9985
2.3e-05,1.0
0.1958,0.804
0.0003011,0.9995
6e-08,1.0
0.983,0.01704
0.07715,0.923
1.0,2.4e-07
6e-08,1.0
0.0,1.0
0.0,1.0
0.991,0.008865
2e-07,1.0
0.8022,0.1976
0.0005,0.9995
4.47e-05,1.0
0.0003705,0.9995
1.0,0.0
2.48e-05,1.0
0.8022,0.1976
0.000787,0.999
0.02007,0.98
1.0,0.00011194
0.0,1.0
4.47e-05,1.0
3.296e-05,1.0
0.0,1.0
0.033,0.967
0.004868,0.995
0.0001303,1.0
0.0,1.0
0.6846,0.3154
0.8022,0.1976
0.998,0.00202
0.0,1.0
5e-07,1.0
1.0,4e-07
0.0001904,1.0
1.0,1.53e-05
0.0006022,0.9995
1.0,9.3e-06
0.0825,0.9175
0.0,1.0
1.0,2.5e-05
0.002125,0.998
8.55e-05,1.0
1.0,5.126e-05
1.156e-05,1.0
0.8022,0.1976
0.9106,0.0895
0.0,1.0
0.0,1.0
0.9995,0.0003655
0.000897,0.999
3.69e-05,1.0
1.0,3.16e-06
0.0013075,0.9985
1.0,1.42e-05
0.000711,0.9995
0.0,1.0
6e-06,1.0
0.0,1.0
0.98,0.02
1.0,2.78e-05
5e-07,1.0
2.414e-05,1.0
0.7974,0.2026
1.0,0.0001979
0.02046,0.9795
1.0,0.0001239
1.0,0.0
0.6504,0.3494
1.0,1.84e-05
0.944,0.05634
0.1292,0.871
0.0,1.0
0.0,1.0
0.00598,0.994
1.055e-05,1.0
1.0,1.28e-05
0.8022,0.1976
1.0,6e-08
2e-07,1.0
0.0,1.0
0.0,1.0
0.1943,0.8057
1.0,3.76e-06
0.03406,0.966
0.7754,0.2246
1.0,6.26e-06
1.0,2.71e-05
0.0001085,1.0
0.0002332,1.0
0.01988,0.98
1.0,0.0002108
1.115e-05,1.0
2.4e-07,1.0
1.0,6e-07
0.0,1.0
0.958,0.04196
0.8022,0.1976
0.0001965,1.0
0.0001706,1.0
0.9395,0.0607
0.9775,0.02235
0.00669,0.993
5.66e-06,1.0
1.0,5.9e-06
0.7085,0.2917
6.3e-06,1.0
0.02344,0.9766
0.9995,0.0002813
4e-07,1.0
0.8022,0.1976
0.00663,0.993
3.2e-06,1.0
0.0,1.0
6.74e-06,1.0
0.1473,0.8525
0.0,1.0
0.0,1.0
0.6377,0.3625
1.0,1.6e-06
0.8022,0.1976
4.54e-05,1.0
1.0,7.2e-05
0.000501,0.9995
1.997e-05,1.0
2.63e-05,1.0
0.8022,0.1976
0.02318,0.977
0.0,1.0
0.0001182,1.0
0.0457,0.954
3.44e-05,1.0
1.0,2e-07
9.2e-06,1.0
9.36e-06,1.0
0.0,1.0
0.0002468,0.9995
0.0003276,0.9995
0.0,1.0
1.0,2.4e-07
0.0,1.0
0.0001578,1.0
2.4e-07,1.0
0.98,0.0201
0.0,1.0
0.0761,0.924
1.0,9e-07
3.6e-07,1.0
0.8022,0.1976
0.000815,0.999
0.9995,0.0002685
0.8257,0.1742
1.0,6e-08
1.0,4.54e-05
1.0,1.48e-05
0.8022,0.1976
0.003664,0.996
0.0,1.0
0.0002166,1.0
1.0,0.0001102
0.0,1.0
6e-08,1.0
0.0,1.0
0.1658,0.8345
1.0,5.966e-05
0.1482,0.852
3.64e-06,1.0
0.0,1.0
0.0,1.0
6e-08,1.0
0.003403,0.9966
3.66e-05,1.0
0.0003846,0.9995
5.3e-06,1.0
0.001391,0.9985
1.0,1.56e-05
1.59e-05,1.0
2.617e-05,1.0
0.8022,0.1976
1.0,3.88e-05
0.9995,0.000629
1.0,3.5e-06
6e-08,1.0
0.979,0.02098
0.8022,0.1976
0.2418,0.7583
0.8022,0.1976
1e-06,1.0
0.0006166,0.9995
0.8022,0.1976
5.4e-07,1.0
0.9985,0.001315
1.0,0.0
4.08e-05,1.0
0.001006,0.999
0.708,0.2917
1.55e-06,1.0
6.44e-06,1.0
0.0,1.0
0.0,1.0
0.0,1.0
1.08e-05,1.0
0.9897,0.01019
0.001032,0.999
7e-07,1.0
0.002602,0.9976
0.9976,0.002346
6.6e-07,1.0
0.6714,0.3286
0.001957,0.998
0.8022,0.1976
0.994,0.00598
6.896e-05,1.0
1.0,0.0002288
0.0005283,0.9995
6e-08,1.0
1.0,2.176e-05
1.0,3e-07
0.8022,0.1976
1.0,1.8e-05
0.8467,0.1532
1.0,0.0001541
1.0,0.0002296
1.94e-05,1.0
0.00119,0.999
0.0001845,1.0
0.9023,0.09753
6.95e-05,1.0
0.8022,0.1976
1.0,1e-07
1.0,0.0001259
7.117e-05,1.0
6.6e-07,1.0
4.8e-06,1.0
0.0,1.0
0.0368,0.9634
8.684e-05,1.0
0.0,1.0
2.32e-05,1.0
0.8022,0.1976
0.0,1.0
2.4e-07,1.0
0.9976,0.002653
0.0009756,0.999
0.8022,0.1976
0.9097,0.0904
0.02496,0.975
1.746e-05,1.0
0.8022,0.1976
0.0,1.0
0.006264,0.9937
6e-07,1.0
0.0,1.0
6e-08,1.0
1.0,3.916e-05
0.945,0.0552
0.0,1.0
0.722,0.278
1.0,6.14e-06
0.0005054,0.9995
0.0,1.0
1e-07,1.0
0.936,0.064
0.03702,0.963
1.54e-05,1.0
0.00151,0.9985
0.9844,0.01559
0.0003226,0.9995
0.0,1.0
0.00462,0.9956
2.06e-05,1.0
0.0,1.0
0.001501,0.9985
0.8467,0.1533
0.0004036,0.9995
0.0001674,1.0
1.407e-05,1.0
1e-07,1.0
0.0,1.0
0.01356,0.9863
0.0002868,0.9995
1.0,6e-08
9.763e-05,1.0
1.0,6.85e-06
9.245e-05,1.0
0.0,1.0
0.986,0.01397
1.2e-06,1.0
0.0001817,1.0
0.0,1.0
0.0002359,1.0
1.0,5.2e-06
0.0004323,0.9995
1.0,5.65e-05
1.0,6e-08
0.0,1.0
0.0,1.0
0.00243,0.9976
0.0002301,1.0
1.0,0.0002242
0.8574,0.1427
0.0,1.0
1.43e-05,1.0
0.02795,0.972
8.714e-05,1.0
7.8e-06,1.0
7.17e-05,1.0
0.8022,0.1976
1.365e-05,1.0
0.0001278,1.0
6e-08,1.0
0.007812,0.992
0.01942,0.9805
1.0,1.67e-06
0.0,1.0
0.0,1.0
7.1e-06,1.0
0.0001043,1.0
0.004158,0.9956
0.9995,0.0004485
0.888,0.11176
1.0,9.4e-06
0.0,1.0
0.0,1.0
1.97e-06,1.0
0.0003226,0.9995
0.9785,0.0214
7.97e-05,1.0
4.166e-05,1.0
0.9995,0.0005713
0.99,0.00969
0.0,1.0
1.04e-05,1.0
7.3e-06,1.0
1.0,2.68e-05
0.9253,0.07465
0.9985,0.001356
0.681,0.3186
0.4192,0.5806
0.00297,0.997
1.0,0.0
5.96e-06,1.0
1.0,5.5e-06
0.008644,0.991
0.8022,0.1976
0.006363,0.9937
0.8022,0.1976
0.8022,0.1976
0.9717,0.02852
0.9893,0.01084
0.00217,0.998
0.001247,0.9985
0.9995,0.0003452
1.0,0.0002066
0.8022,0.1976
9.65e-05,1.0
0.0,1.0
8.994e-05,1.0
6e-08,1.0
0.719,0.281
1.264e-05,1.0
0.0,1.0
6e-08,1.0
1.0,0.0
0.03433,0.966
0.9644,0.0355
0.8022,0.1976
3.4e-05,1.0
9.84e-05,1.0
0.04428,0.9556
0.8037,0.1962
0.601,0.399
1.0,7e-07
6e-08,1.0
0.8022,0.1976
6.11e-05,1.0
0.0,1.0
0.9985,0.001372
0.8022,0.1976
0.0006204,0.9995
0.8022,0.1976
1.0,1.3e-05
1.0,4.756e-05
0.8022,0.1976
0.8022,0.1976
1.0,0.0
0.0,1.0
0.9795,0.02037
0.9976,0.00242
0.973,0.02696
0.9673,0.03275
1.0,4.613e-05
0.003052,0.997
0.521,0.479
0.9185,0.08136
0.000775,0.999
4.9e-06,1.0
0.8022,0.1976
0.01116,0.989
3e-07,1.0
1.0,1.43e-06
0.0,1.0
1.8e-06,1.0
0.0001653,1.0
0.0,1.0
0.0003543,0.9995
0.0005183,0.9995
1.0,6.6e-07
1.0,8.17e-06
1.0,0.0
0.1676,0.8325
1.0,0.00010073
0.02069,0.9795
0.00618,0.9937
2.4e-06,1.0
0.004356,0.9956
0.8022,0.1976
0.0004737,0.9995
0.9995,0.0002759
5.4e-07,1.0
1e-07,1.0
2.7e-06,1.0
2e-07,1.0
2.2e-06,1.0
0.0002937,0.9995
0.3247,0.6753
0.0,1.0
0.0,1.0
0.0789,0.921
1.0,1.06e-05
0.005436,0.9946
2.4e-07,1.0
0.0008645,0.999
0.00010973,1.0
6e-08,1.0
0.0007887,0.999
0.0,1.0
0.0001494,1.0
1e-06,1.0
0.0001535,1.0
1.0,0.0002166
1.5e-06,1.0
0.0,1.0
0.9995,0.000424
0.0003705,0.9995
0.0005083,0.9995
1.0,3.35e-05
1.0,6e-08
0.0,1.0
1.0,0.0002397
1e-07,1.0
8.34e-06,1.0
0.9946,0.005394
1.0,6.2e-06
0.0002191,1.0
0.0,1.0
1.0,6.48e-05
1.0,4.9e-06
0.0,1.0
0.0,1.0
5.126e-05,1.0
1.55e-06,1.0
1.0,1.454e-05
0.8022,0.1976
0.001206,0.999
0.005566,0.9946
2.4e-07,1.0
0.0005956,0.9995
9.24e-06,1.0
0.000806,0.999
0.9985,0.00151
0.8022,0.1976
0.8022,0.1976
0.8022,0.1976
1.0,7.63e-05
0.01674,0.9834
0.0,1.0
0.0,1.0
1.0,1e-07
2.575e-05,1.0
1.0,1.01e-05
0.01813,0.982
8.094e-05,1.0
2e-07,1.0
0.0002226,1.0
6.66e-05,1.0
0.0801,0.92
2.1e-06,1.0
0.2106,0.7896
1.705e-05,1.0
6e-08,1.0
1.0,2.26e-05
1.0,9e-07
8.48e-05,1.0
1.0,2.67e-05
0.0,1.0
0.0,1.0
0.0,1.0
0.0,1.0
0.0,1.0
2e-07,1.0
4.3e-06,1.0
1.0,6e-08
1.0,2.53e-05
0.001245,0.9985
0.0,1.0
0.998,0.001984
1.0,0.0
0.0003314,0.9995
0.4788,0.5215
6.8e-06,1.0
2e-07,1.0
0.3127,0.687
0.0,1.0
1.0,1.264e-05
0.0,1.0
0.000899,0.999
6e-08,1.0
0.0008183,0.999
6.6e-07,1.0
0.000619,0.9995
0.01289,0.9873
0.0,1.0
0.0003467,0.9995
1.13e-06,1.0
2e-07,1.0
0.0007825,0.999
1.866e-05,1.0
1.0,4.53e-06
0.858,0.1422
0.0,1.0
0.0056,0.9946
0.986,0.014366
0.0,1.0
1.0,2.2e-06
0.0,1.0
0.1175,0.8823
0.00181,0.998
0.0005527,0.9995
1.55e-06,1.0
0.8022,0.1976
0.953,0.047
1.0,5.07e-06
1.0,8.06e-05
0.0147,0.9854
0.0,1.0
0.8257,0.1742
0.0,1.0
0.843,0.1573
5.33e-05,1.0
1.0,0.0
0.001165,0.999
1.0,1.07e-05
1.37e-05,1.0
0.0002323,1.0
0.0332,0.967
2.63e-05,1.0
0.8022,0.1976
4.7e-05,1.0
3.2e-06,1.0
0.8022,0.1976
2.15e-06,1.0
1.0,1.13e-06
1.0,6.5e-05
0.0,1.0
2.146e-05,1.0
0.001269,0.9985
0.0002027,1.0
0.0,1.0
1.0,3e-06
0.005013,0.995
0.0,1.0
1.0,5.4e-07
1.0,0.0001494
0.0005884,0.9995
0.0,1.0
0.0002868,0.9995
1.0,0.0001774
1.0,1.7e-06
1.0,2.5e-06
6.7e-06,1.0
1e-07,1.0
0.0001355,1.0
0.0001802,1.0
2.1e-06,1.0
8.64e-06,1.0
0.0002278,1.0
0.00629,0.9937
0.997,0.003155
9.95e-06,1.0
0.9985,0.001408
7.516e-05,1.0
0.7334,0.2668
0.004078,0.996
0.0004067,0.9995
0.001188,0.999
0.853,0.1469
4.166e-05,1.0
1.0,6e-08
7.427e-05,1.0
1.0,3.284e-05
1.0,0.0
1.0,1e-07
1.0,2e-06
0.0,1.0
0.9995,0.0005593
1.0,2.63e-05
0.000374,0.9995
1.0,6.33e-05
0.007786,0.992
0.8022,0.1976
0.0,1.0
0.01575,0.9844
1.0,0.0001547
1.0,9.57e-05
2.7e-05,1.0
0.000556,0.9995
4.99e-05,1.0
7.6e-06,1.0
0.0779,0.9224
1.0,1e-07
1.35e-05,1.0
6.3e-05,1.0
0.848,0.1521
0.0006523,0.9995
0.0,1.0
0.999,0.000997
0.9546,0.04553
1.0,4.28e-05
0.97,0.02965
0.8022,0.1976
0.9956,0.004158
9.5e-07,1.0
1.0,1e-07
6.8e-06,1.0
0.001309,0.9985
1.07e-05,1.0
6.56e-06,1.0
1e-06,1.0
2.4e-07,1.0
0.8022,0.1976
1.85e-06,1.0
1.496e-05,1.0
0.9995,0.0002847
0.001923,0.998
7.117e-05,1.0
1.0,0.0
1.5e-06,1.0
0.0,1.0
0.008316,0.9917
1.0,0.0002288
0.05066,0.949
7e-07,1.0
0.8022,0.1976
0.999,0.001042
1.0,5.04e-05
0.9995,0.0004425
0.8022,0.1976
9.9e-06,1.0
4.53e-06,1.0
3.3e-06,1.0
0.8022,0.1976
1.0,9.83e-06
0.0,1.0
0.999,0.001076
0.0,1.0
0.0,1.0
1.0,0.0001559
1.0,4.65e-06
1.0,0.0001047
0.8022,0.1976
0.7026,0.2974
1.0,6.8e-06
0.8564,0.1437
0.5513,0.449
0.8022,0.1976
0.9995,0.0005474
0.0,1.0
0.0,1.0
1.0,2e-06
0.001564,0.9985
0.9995,0.0004356
0.0,1.0
0.8022,0.1976
0.0,1.0
0.006374,0.9937
0.001369,0.9985
0.8022,0.1976
1.0,2e-07
0.03842,0.9614
0.0,1.0
0.8022,0.1976
0.00068,0.9995
1.0,1.18e-05
0.857,0.1432
0.8022,0.1976
0.0003176,0.9995
0.3032,0.697
0.9673,0.03293
1.0,5.6e-06
2.7e-06,1.0
6.425e-05,1.0
1e-07,1.0
1.0,3e-07
0.3826,0.6177
0.9575,0.0424
0.002605,0.9976
0.9746,0.02544
0.0,1.0
1e-06,1.0
0.043,0.957
0.984,0.01631
0.0013485,0.9985
1.0,4.965e-05
3.04e-06,1.0
1.0,5.853e-05
0.04468,0.955
0.001765,0.998
1.0,2.6e-06
6.71e-05,1.0
0.797,0.2034
0.001292,0.9985
1.97e-06,1.0
0.0,1.0
5.716e-05,1.0
0.751,0.2489
2.12e-05,1.0
0.00462,0.9956
0.001294,0.9985
0.799,0.2013
0.0,1.0
0.5527,0.4473
0.0,1.0
0.0,1.0
0.0,1.0
1e-07,1.0
0.00015,1.0
0.0,1.0
0.8022,0.1976
0.005108,0.995
0.8022,0.1976
0.951,0.0489
0.8022,0.1976
0.754,0.2462
6e-08,1.0
1.0,8e-07
1.0,6e-08
0.0001572,1.0
0.0001795,1.0
0.8022,0.1976
0.0,1.0
0.8022,0.1976
1.0,3e-07
0.0,1.0
1.0,0.0
0.968,0.03235
0.000299,0.9995
1.0,3.606e-05
1.0,1e-07
2.646e-05,1.0
1.0,1.02e-05
0.00863,0.991
1.0,2.74e-06
6.44e-06,1.0
5.305e-05,1.0
1.5e-06,1.0
0.0,1.0
0.0,1.0
0.001238,0.9985
0.0,1.0
1.0,3.6e-06
1.764e-05,1.0
1.0,4e-07
0.992,0.00792
0.00123,0.9985
0.0,1.0
3.5e-06,1.0
0.0,1.0
1.0,5e-07
0.9976,0.00259
0.9536,0.04648
0.8022,0.1976
0.8022,0.1976
0.003185,0.9966
0.01813,0.982
1.0,1e-07
1.0,1e-07
0.0,1.0
3.6e-06,1.0
0.9976,0.002571
8.34e-06,1.0
0.0,1.0
0.002296,0.9976
0.626,0.374
0.9985,0.001504
2.587e-05,1.0
1.03e-05,1.0
0.8022,0.1976
1.67e-06,1.0
3e-07,1.0
0.002855,0.997
1.377e-05,1.0
9.4e-06,1.0
0.2825,0.718
1.0,5.74e-05
1.0,0.0002341
0.9307,0.06915
6e-08,1.0
1.0,0.0
0.0009756,0.999
0.0001182,1.0
0.2072,0.793
0.0,1.0
6e-08,1.0
0.8022,0.1976
4e-07,1.0
0.0002296,1.0
2e-07,1.0
1.967e-05,1.0
0.003363,0.9966
4.07e-05,1.0
3.74e-05,1.0
0.96,0.03983
0.8022,0.1976
0.0,1.0
0.6484,0.3518
1.0,3.18e-05
0.8022,0.1976
0.8022,0.1976
0.04633,0.9536
0.8022,0.1976
2.605e-05,1.0
2.44e-05,1.0
2.15e-06,1.0
1.0,0.0
0.001408,0.9985
1.0,3.93e-06
1.0,0.0001168
0.001658,0.9985
0.9995,0.000566
0.9976,0.002611
0.8022,0.1976
4.65e-06,1.0
0.000555,0.9995
0.0,1.0
1.0,2e-07
0.00635,0.9937
0.8022,0.1976
2.4e-07,1.0
0.01212,0.988
2.4e-07,1.0
0.0,1.0
0.0003011,0.9995
0.0,1.0
0.4229,0.577
0.711,0.2893
0.0004756,0.9995
0.001383,0.9985
0.0013,0.9985
1.0,2.146e-05
0.8022,0.1976
2e-07,1.0
1.0,2e-07
0.00574,0.994
0.003147,0.997
0.928,0.0718
1.0,0.0
0.998,0.001889
0.8022,0.1976
1.0,6.84e-05
0.000672,0.9995
0.01697,0.983
0.0,1.0
1.0,4.166e-05
1.97e-06,1.0
0.9443,0.05545
0.001472,0.9985
1.0,7e-07
0.9937,0.00619
6e-07,1.0
6e-08,1.0
6e-08,1.0
1.5e-06,1.0
1.484e-05,1.0
2.766e-05,1.0
0.0131,0.987
0.0,1.0
1.0,2.53e-05
0.0,1.0
1.0,1.02e-05
6.6e-07,1.0
0.9995,0.0006905
3.22e-05,1.0
7.45e-06,1.0
7.9e-06,1.0
1.0,2.86e-06
2e-07,1.0
0.0001674,1.0
3.4e-06,1.0
4e-07,1.0
0.999,0.001211
8.684e-05,1.0
0.0006475,0.9995
0.944,0.05634
1.0,2.5e-06
0.999,0.0009604
2.384e-05,1.0
7.5e-06,1.0
3.34e-06,1.0
1.0,6.5e-05
0.001421,0.9985
1.2e-06,1.0
1.0,1.85e-06
4.756e-05,1.0
1.0,2e-06
0.06647,0.9336
0.0,1.0
0.0006747,0.9995
0.0,1.0
0.8022,0.1976
0.0,1.0
0.932,0.0677
0.004055,0.996
1.043e-05,1.0
0.5054,0.4946
0.10455,0.8955
6.6e-07,1.0
0.8022,0.1976
0.0,1.0
0.0,1.0
0.8022,0.1976
1.0,5.56e-05
1.0,3.4e-06
0.0,1.0
5.4e-07,1.0
3.07e-05,1.0
0.97,0.02971
6.26e-06,1.0
1.7e-06,1.0
3.04e-06,1.0
0.9907,0.00945
1.0,2e-07
0.986,0.01427
1.0,0.0001128
4.435e-05,1.0
1.3e-06,1.0
0.513,0.4868
0.000708,0.9995
0.0006266,0.9995
1e-07,1.0
6e-08,1.0
6.14e-06,1.0
2.193e-05,1.0
0.0,1.0
1.0,2.44e-05
1.0,3.43e-05
1.0,0.0001404
0.8022,0.1976
1.0,4.23e-05
0.9995,0.0006323
1.0,0.0
0.994,0.005913
6e-08,1.0
1e-07,1.0
1.0,0.0
0.0002565,0.9995
0.001814,0.998
1.25e-06,1.0
2.33e-05,1.0
0.952,0.04764
0.5894,0.4104
0.8022,0.1976
0.000309,0.9995
1.0,5.36e-06
0.000312,0.9995
3.4e-06,1.0
1.0,5.6e-06
0.0,1.0
0.01302,0.987
0.9863,0.01388
1.0,6.44e-06
0.981,0.019
8.92e-05,1.0
0.0005245,0.9995
6e-08,1.0
0.002829,0.997
0.0,1.0
1.7e-06,1.0
1.0,4.8e-06
3.16e-06,1.0
1.0,9.06e-06
1.2e-06,1.0
6e-08,1.0
2.4e-07,1.0
0.8022,0.1976
0.001582,0.9985
1.1e-05,1.0
0.993,0.00663
0.01947,0.9805
0.986,0.01428
3e-07,1.0
0.03378,0.9663
5.36e-06,1.0
0.0003333,0.9995
0.93,0.06964
0.0,1.0
2e-07,1.0
0.0013485,0.9985
0.0001553,1.0
2.92e-05,1.0
7.5e-06,1.0
0.2494,0.7505
0.0,1.0
0.993,0.007053
0.006916,0.993
0.005936,0.994
0.000186,1.0
1.22e-05,1.0
0.8022,0.1976
4.5e-06,1.0
0.0003023,0.9995
4.12e-05,1.0
2.2e-06,1.0
4.035e-05,1.0
0.0,1.0
0.0003157,0.9995
0.839,0.1611
0.0,1.0
0.9956,0.004192
0.0003302,0.9995
0.0,1.0
1.0,0.0001615
0.0,1.0
1.0,0.0002425
0.0,1.0
6e-07,1.0
6e-07,1.0
0.9614,0.03854
1e-07,1.0
0.0003712,0.9995
1.1e-06,1.0
0.0001388,1.0
1.0,2.32e-05
0.00262,0.9976
1.0,4.35e-06
1.0,0.0001196
9.4e-06,1.0
0.3997,0.6
1.0,1e-07
0.8022,0.1976
2.54e-05,1.0
1.0,4.1e-06
2.7e-06,1.0
0.0,1.0
0.9873,0.01267
1e-05,1.0
0.9688,0.03125
0.000744,0.999
0.4885,0.5117
6.25e-05,1.0
2.605e-05,1.0
1.0,4.2e-06
0.978,0.02216
1.0,1e-06
1.0,1e-07
0.0,1.0
0.5527,0.4473
0.0,1.0
0.0003734,0.9995
1.0,4.7e-06
1.0,0.0001318
0.003765,0.996
0.8022,0.1976
0.8022,0.1976
4e-07,1.0
0.00259,0.9976
1.0,2e-07
0.0,1.0
0.0,1.0
0.0002351,1.0
4.23e-06,1.0
0.875,0.12494
0.0,1.0
1.0,1.11e-05
4.05e-06,1.0
2.2e-06,1.0
1.0,7.874e-05
1.55e-06,1.0
1.0,8.34e-06
0.987,0.013145
0.0,1.0
8.285e-05,1.0
1.0,4.56e-05
0.0001409,1.0
0.0014105,0.9985
4.49e-05,1.0
1.0,0.00015
0.9746,0.02551
2e-07,1.0
2.15e-06,1.0
0.0,1.0
0.986,0.01416
0.0001706,1.0
0.0,1.0
0.8687,0.1312
1.0,0.0002278
1e-07,1.0
1.0,6.6e-07
0.0,1.0
2.2e-06,1.0
0.0,1.0
0.0006413,0.9995
6.14e-06,1.0
1.0,2.44e-05
0.02467,0.975
0.8022,0.1976
0.0,1.0
0.9614,0.0387
6.04e-05,1.0
0.7876,0.2123
0.8022,0.1976
4.65e-05,1.0
3.994e-05,1.0
0.8022,0.1976
9.39e-05,1.0
1.764e-05,1.0
0.0004077,0.9995
3.7e-06,1.0
0.8633,0.1368
0.0003333,0.9995
3.93e-05,1.0
0.0,1.0
0.9995,0.0003176
0.8022,0.1976
0.0,1.0
0.0,1.0
0.8022,0.1976
5.7e-06,1.0
0.853,0.1471
1.0,2.56e-06
0.8022,0.1976
0.0014925,0.9985
0.988,0.012314
0.0,1.0
0.998,0.00217
1.0,0.000136
0.001192,0.999
0.00123,0.9985
0.0006037,0.9995
8.446e-05,1.0
1.0,0.0002425
0.929,0.0708
0.0002897,0.9995
0.2585,0.741
1.0,4.834e-05
1.0,0.0
6.425e-05,1.0
0.9976,0.002434
0.8022,0.1976
1.0,6.6e-07
0.0002937,0.9995
1.0,1.3e-06
1.4e-06,1.0
9.39e-05,1.0
0.8022,0.1976
1.0,0.0
9.876e-05,1.0
1.0,0.0
0.6416,0.3584
0.0008526,0.999
0.0,1.0
2.4e-07,1.0
0.001687,0.9985
0.0004182,0.9995
0.9873,0.01253
1.0,1.9e-06
1.0,0.0
1.0,8.3e-07
0.0,1.0
0.00504,0.995
8.5e-06,1.0
8.3e-07,1.0
6e-08,1.0
1.0,1.81e-05
0.03906,0.961
8.3e-07,1.0
1.0,1.985e-05
1.0,6.25e-05
1.0,1.44e-05
0.898,0.10187
0.0003846,0.9995
0.0001911,1.0
0.9995,0.0005918
6e-08,1.0
0.9175,0.0827
0.0,1.0
1.0,5e-07
0.00269,0.997
1.0,1.63e-05
0.3252,0.675
6.6e-07,1.0
0.978,0.02197
1.0,6.6e-07
0.02563,0.974
0.0,1.0
2.164e-05,1.0
6.56e-06,1.0
6e-08,1.0
6e-08,1.0
5.126e-05,1.0
0.8022,0.1976
0.1064,0.8936
0.004974,0.995
0.000501,0.9995
0.003622,0.9966
0.91,0.08984
0.0,1.0
0.0007734,0.999
0.8022,0.1976
0.0001713,1.0
0.918,0.08203
0.0003157,0.9995
1.0,8e-07
1.0,0.0002034
0.0,1.0
1.0,2.956e-05
1.48e-05,1.0
0.7827,0.2173
0.8022,0.1976
0.0,1.0
2.164e-05,1.0
1.794e-05,1.0
0.000342,0.9995
0.961,0.0393
1.895e-05,1.0
0.0,1.0
0.995,0.00508
1.204e-05,1.0
0.2578,0.742
1.0,1.78e-05
0.9863,0.013596
2.4e-07,1.0
5.2e-06,1.0
0.9873,0.01267
0.0,1.0
4e-07,1.0
0.0,1.0
0.0007687,0.999
2.02e-05,1.0
1.0,1.81e-05
0.9893,0.010735
0.03378,0.9663
0.8022,0.1976
1.0,2.205e-05
0.929,0.071
1.0,0.0
0.4568,0.543
1.0,1.17e-05
0.0426,0.9575
0.8022,0.1976
0.918,0.0818
0.939,0.06097
7e-07,1.0
5.245e-05,1.0
0.0002388,1.0
4.74e-05,1.0
1.0,0.0
0.9976,0.00244
0.0047,0.995
7.75e-06,1.0
0.978,0.02205
0.0,1.0
0.967,0.03323
0.0,1.0
0.9653,0.0347
1.0,1e-07
0.01029,0.9897
0.6445,0.3555
0.0001667,1.0
0.0002066,1.0
1.0,2.26e-06
6.74e-06,1.0
0.001195,0.999
2.26e-06,1.0
8.17e-06,1.0
7.1e-06,1.0
1.0,0.0
1.0,1.02e-05
0.01082,0.9893
0.0001239,1.0
1.6e-06,1.0
0.8745,0.1252
6e-08,1.0
0.0,1.0
0.8022,0.1976
1.08e-05,1.0
5.877e-05,1.0
0.001069,0.999
8.446e-05,1.0
2.545e-05,1.0
0.005272,0.9946
2e-07,1.0
1.3e-06,1.0
0.0004313,0.9995
0.0,1.0
8e-07,1.0
0.0333,0.967
1.0,3.27e-05
7.14e-05,1.0
0.4658,0.534
2e-07,1.0
0.0,1.0
0.07043,0.9297
0.0004382,0.9995
0.8022,0.1976
1.0,8.255e-05
0.0008135,0.999
1.0,2.4e-07
5.454e-05,1.0
2.4e-07,1.0
0.8022,0.1976
1.4e-06,1.0
0.749,0.2507
0.01843,0.9814
0.0003698,0.9995
0.00010514,1.0
6e-07,1.0
0.8022,0.1976
1.0,5e-07
1.87e-05,1.0
0.0,1.0
6.6e-07,1.0
0.0004206,0.9995
0.911,0.08905
0.0008645,0.999
0.01935,0.9805
0.00468,0.995
0.8022,0.1976
0.9043,0.09595
0.8022,0.1976
1.3e-06,1.0
4e-07,1.0
0.0,1.0
9.84e-05,1.0
0.8022,0.1976
0.0,1.0
3.87e-05,1.0
0.0001746,1.0
0.0,1.0
2.33e-05,1.0
2e-07,1.0
1.97e-05,1.0
1.0,1.2e-06
0.00271,0.997
0.8022,0.1976
0.1664,0.8335
0.0,1.0
0.0,1.0
0.9785,0.02168
0.9814,0.01846
0.9995,0.000275
0.9995,0.0003712
0.007027,0.993
7.004e-05,1.0
0.9966,0.003607
3.23e-05,1.0
0.8022,0.1976
2.4e-06,1.0
3.34e-06,1.0
0.8022,0.1976
0.9907,0.009056
0.8022,0.1976
4.3e-06,1.0
6e-08,1.0
0.8022,0.1976
0.0635,0.9365
2.2e-06,1.0
0.000403,0.9995
0.9385,0.06165
4.524e-05,1.0
0.9995,0.0003257
0.1064,0.8936
0.8022,0.1976
0.0009756,0.999
0.0,1.0
8e-06,1.0
0.0001831,1.0
0.9814,0.01842
0.9517,0.04855
1.0,6.4e-05
1.0,0.000134
6e-08,1.0
1.585e-05,1.0
0.0002011,1.0
1.0,5.36e-06
0.0031,0.997
8.35e-05,1.0
0.998,0.002108
1.0,0.0
0.7275,0.2722
9.5e-07,1.0
0.9565,0.04346
1.0,1e-07
0.000556,0.9995
4.035e-05,1.0
0.9995,0.0005794
0.0,1.0
2.13e-05,1.0
0.9297,0.0704
1.0,0.0
7.17e-05,1.0
0.0,1.0
0.00943,0.9907
0.9316,0.0683
0.8022,0.1976
0.001274,0.9985
0.953,0.04712
0.8022,0.1976
0.03397,0.966
0.0,1.0
0.8022,0.1976
0.8228,0.1774
2.4e-07,1.0
1.0,2.4e-07
0.8022,0.1976
1.0,6.04e-05
0.8022,0.1976
6.85e-06,1.0
7e-07,1.0
0.95,0.0497
1.0,4.12e-05
0.8022,0.1976
0.9834,0.01668
0.995,0.004654
1.0,1.91e-05
0.0,1.0
0.8022,0.1976
0.02737,0.9727
0.882,0.1181
5.4e-07,1.0
0.0,1.0
0.0005956,0.9995
0.9897,0.01049
0.0001334,1.0
0.8022,0.1976
0.0,1.0
0.8022,0.1976
1.0,1e-07
1.0,1.645e-05
0.05933,0.941
3.06e-05,1.0
1.0,3e-07
0.0009074,0.999
2e-07,1.0
0.0005593,0.9995
0.0,1.0
0.892,0.1078
0.9893,0.010635
0.1106,0.889
0.0,1.0
0.0005174,0.9995
0.8022,0.1976
0.000591,0.9995
2.754e-05,1.0
0.001037,0.999
1.57e-05,1.0
0.0003433,0.9995
1.0,2.4e-07
0.00011593,1.0
0.987,0.01312
0.000538,0.9995
6.74e-06,1.0
0.0003047,0.9995
0.0006933,0.9995
0.998,0.001953
0.0,1.0
0.9897,0.01041
0.1613,0.839
0.8726,0.1276
2e-07,1.0
1.913e-05,1.0
0.8755,0.1246
0.0004435,0.9995
0.0,1.0
1.0,3.6e-07
0.0,1.0
0.0004592,0.9995
0.0008845,0.999
0.0,1.0
0.0,1.0
0.2374,0.7627
1.0,4.89e-05
2.8e-06,1.0
6e-08,1.0
1.0,2e-07
4.685e-05,1.0
1.5e-06,1.0
0.9165,0.0835
0.999,0.001138
0.0001031,1.0
0.8022,0.1976
0.00011635,1.0
1.0,0.0
0.0,1.0
0.8022,0.1976
0.9893,0.010796
8e-05,1.0
0.0001329,1.0
0.0,1.0
0.996,0.003893
1.0,1.4e-06
1.0,9.24e-06
9.2e-06,1.0
0.927,0.0734
0.7354,0.265
0.0,1.0
0.952,0.0478
0.9243,0.0758
0.8022,0.1976
0.8022,0.1976
0.0016775,0.9985
0.0,1.0
1.0,1.3e-05
3.4e-06,1.0
0.003351,0.9966
0.002327,0.9976
0.0,1.0
0.9717,0.02846
0.001255,0.9985
0.00076,0.999
6e-08,1.0
0.902,0.0979
0.0,1.0
1.0,6e-08
0.001481,0.9985
1.3e-05,1.0
2e-07,1.0
1e-07,1.0
1.0,1.3e-06
0.909,0.0908
0.00936,0.9907
0.0,1.0
6.74e-06,1.0
0.0,1.0
0.0,1.0
3.93e-06,1.0
3.49e-05,1.0
3.88e-05,1.0
0.999,0.000831
0.0007014,0.9995
6.527e-05,1.0
0.003124,0.997
0.8022,0.1976
3.2e-06,1.0
0.0001415,1.0
4.5e-06,1.0
0.9917,0.0082
0.004086,0.996
4.2e-06,1.0
0.991,0.0087
0.1791,0.821
0.9995,0.000636
0.8022,0.1976
0.8022,0.1976
0.003744,0.996
0.8965,0.1036
0.0,1.0
0.9434,0.0565
0.916,0.0838
1.377e-05,1.0
0.0002296,1.0
0.001169,0.999
0.999,0.000881
0.0002885,0.9995
3e-07,1.0
0.0001268,1.0
0.0,1.0
0.9175,0.0827
0.0,1.0
1.13e-06,1.0
0.5703,0.43
1.0,9.95e-06
0.8022,0.1976
1.0,2.855e-05
1.0,8.38e-05
0.007206,0.9927
0.00011325,1.0
1.925e-05,1.0
0.0004132,0.9995
3e-07,1.0
0.0,1.0
4.23e-06,1.0
1.7e-06,1.0
6e-08,1.0
1.0,5.245e-05
6e-08,1.0
0.0,1.0
7.427e-05,1.0
1.514e-05,1.0
1.0,1.013e-05
0.02013,0.98
1.0,1.115e-05
0.0006227,0.9995
0.9995,0.0003054
2.5e-06,1.0
0.05545,0.9443
1.0,0.0
8e-07,1.0
0.05203,0.9478
6.6e-06,1.0
0.8022,0.1976
0.8022,0.1976
2.97e-05,1.0
0.0001628,1.0
1.0,0.0
0.0,1.0
0.1866,0.8135
0.8022,0.1976
0.0,1.0
0.8022,0.1976
0.02795,0.972
3.2e-06,1.0
0.7983,0.2015
1.0,2e-06
1.0,0.0
1.0,3e-07
0.8022,0.1976
1.0,4e-07
0.8022,0.1976
0.713,0.2869
0.0003853,0.9995
0.0003133,0.9995
0.002468,0.9976
0.8022,0.1976
1.0,3.04e-06
1.0,0.000172
0.0,1.0
0.001782,0.998
0.0001628,1.0
0.9194,0.0805
0.0004206,0.9995
0.0003066,0.9995
1.0,0.0001706
4e-07,1.0
0.4648,0.535
0.8022,0.1976
1e-07,1.0
2e-07,1.0
0.9956,0.004494
0.0,1.0
0.0,1.0
2.12e-05,1.0
1.0,6e-08
5.895e-05,1.0
2.4e-07,1.0
0.8022,0.1976
0.8364,0.1633
3e-07,1.0
1.0,0.0
0.0003047,0.9995
1.0,1.36e-05
1.0,1.967e-05
0.00198,0.998
0.776,0.224
0.8022,0.1976
0.0,1.0
0.0962,0.904
1.0,1.4e-06
0.00811,0.9917
0.0005264,0.9995
1.0,2.15e-06
6e-08,1.0
1.0,3.415e-05
1.0,1.78e-05
3e-07,1.0
0.0001031,1.0
0.8022,0.1976
0.001063,0.999
7.17e-05,1.0
1.127e-05,1.0
6e-08,1.0
0.0,1.0
0.0002954,0.9995
0.963,0.03702
0.1942,0.8057
0.001309,0.9985
1.0,8.3e-07
0.8022,0.1976
0.0,1.0
0.8813,0.1184
0.8022,0.1976
1.97e-06,1.0
1.0,0.000166
9.537e-05,1.0
0.0001853,1.0
1.0,1.1e-06
0.8022,0.1976
0.3208,0.679
9.36e-06,1.0
1.0,2.176e-05
0.0,1.0
0.0008492,0.999
3.46e-06,1.0
0.0,1.0
5.65e-05,1.0
1.9e-06,1.0
9.5e-07,1.0
1.0,1e-07
1e-07,1.0
0.003046,0.997
0.9365,0.0635
1.0,2.74e-06
1.0,6e-08
1.0,2.67e-05
6e-08,1.0
0.9995,0.0003047
0.07074,0.929
0.8022,0.1976
0.005688,0.994
2.4e-07,1.0
0.000433,0.9995
1.0,1e-07
1.43e-05,1.0
5.54e-06,1.0
1.0,1.2e-06
1.0,0.0
0.9995,0.0005183
5.4e-07,1.0
1.5e-06,1.0
3.1e-06,1.0
1.0,5.07e-06
3.046e-05,1.0
0.985,0.01538
0.943,0.0572
0.000801,0.999
6e-08,1.0
0.04504,0.955
4.35e-05,1.0
0.999,0.001002
0.975,0.02487
6e-07,1.0
0.0001027,1.0
0.0004005,0.9995
0.8022,0.1976
0.8022,0.1976
0.0,1.0
1.0,1.097e-05
8.61e-05,1.0
0.0,1.0
0.005314,0.9946
0.003975,0.996
0.0002875,0.9995
0.981,0.01898
0.0,1.0
0.805,0.1947
0.8022,0.1976
0.9595,0.0405
0.99,0.00984
0.9995,0.00032
0.0,1.0
1.67e-06,1.0
0.9097,0.09033
0.01021,0.9897
0.0,1.0
6e-08,1.0
0.0449,0.955
0.0,1.0
0.0002983,0.9995
0.0,1.0
0.04303,0.957
0.0009236,0.999
0.9854,0.01442
0.1353,0.8647
0.002846,0.997
7.14e-05,1.0
1.0,5.33e-05
4.4e-05,1.0
7e-07,1.0
0.0002217,1.0
0.9976,0.002443
0.003216,0.9966
1e-07,1.0
0.9443,0.05566
1.0,1.997e-05
9e-07,1.0
6.014e-05,1.0
0.02164,0.9785
0.0002537,0.9995
0.8022,0.1976
0.0001031,1.0
0.977,0.02283
1.0,1.67e-06
1.6e-06,1.0
0.8022,0.1976
1.8e-06,1.0
0.0,1.0
2.5e-06,1.0
1.0,7e-07
0.9365,0.0634
0.0,1.0
0.0,1.0
1.0,0.0001609
4e-07,1.0
1.0,1.186e-05
0.004467,0.9956
0.0,1.0
1.0,0.0001941
3.135e-05,1.0
0.8022,0.1976
3e-07,1.0
1.0,2.04e-05
0.0151,0.985
0.0,1.0
1.0,5.56e-05
0.003906,0.996
1.0,2.63e-05
0.00097,0.999
5e-07,1.0
0.0,1.0
8.3e-07,1.0
0.008545,0.9917
0.9014,0.0986
0.0,1.0
0.8022,0.1976
0.0,1.0
0.953,0.04712
0.0003393,0.9995
1.0,7.254e-05
0.003197,0.9966
1.0,3.3e-06
0.002811,0.997
1.0,6e-07
2.646e-05,1.0
0.0002892,0.9995
1.0,0.0
7e-07,1.0
0.8022,0.1976
0.0,1.0
0.0,1.0
1.0,2.86e-05
0.0,1.0
0.9995,0.000303
0.0001068,1.0
1.5e-06,1.0
1.0,5.36e-06
0.8022,0.1976
0.0,1.0
0.982,0.01828
1.0,2.06e-05
0.9976,0.002525
0.0248,0.975
0.7324,0.2676
1.0,3e-07
0.0,1.0
0.9775,0.0223
5.4e-07,1.0
3.16e-05,1.0
0.6206,0.3792
1.0,8.285e-05
0.00936,0.9907
0.718,0.2822
3e-07,1.0
0.1671,0.833
0.0,1.0
1.0,2.32e-05
0.0,1.0
0.003773,0.996
1.0,2.766e-05
0.0,1.0
0.0001687,1.0
0.971,0.0289
0.9683,0.03156
1.0,0.0
0.0,1.0
0.0004036,0.9995
0.8022,0.1976
0.927,0.07336
6e-08,1.0
8.9e-06,1.0
0.07886,0.9214
2.81e-05,1.0
0.3855,0.6143
9.06e-06,1.0
0.0001011,1.0
3.88e-05,1.0
1.0,5.37e-05
6e-08,1.0
0.8022,0.1976
0.966,0.03427
2.4e-07,1.0
0.969,0.0306
3.636e-05,1.0
0.83,0.1698
1.0,4.08e-05
0.004528,0.9956
0.9937,0.00619
0.9727,0.02745
1.7e-06,1.0
0.9414,0.05884
0.00226,0.9976
0.002296,0.9976
6e-08,1.0
0.00992,0.99
0.0,1.0
0.296,0.704
0.977,0.02278
0.01974,0.9805
4.4e-05,1.0
2.4e-07,1.0
0.8022,0.1976
0.8022,0.1976
1.43e-06,1.0
1.0,5.305e-05
0.002153,0.998
0.0,1.0
4.05e-06,1.0
2e-07,1.0
0.9995,0.0003138
6e-08,1.0
0.0001196,1.0
0.001057,0.999
0.8022,0.1976
0.001039,0.999
1.5e-06,1.0
0.0009217,0.999
0.01459,0.9854
1.305e-05,1.0
7.87e-06,1.0
1.43e-06,1.0
6.56e-06,1.0
1.0,8.82e-05
0.0,1.0
0.001282,0.9985
0.0,1.0
1.0,4.506e-05
0.4524,0.548
1.0,2.754e-05
0.739,0.2612
6e-07,1.0
5e-07,1.0
0.9854,0.01463
1.0,0.0
0.10095,0.899
0.9995,0.0002937
0.9756,0.02428
1.0,3.35e-05
0.9604,0.0395
1.0,6e-07
0.8022,0.1976
0.8022,0.1976
0.2096,0.7905
0.00104,0.999
5.25e-06,1.0
5.66e-06,1.0
1.0,1.97e-06
0.2822,0.718
2e-07,1.0
0.000568,0.9995
2e-07,1.0
0.0,1.0
0.0,1.0
2.8e-06,1.0
0.996,0.003788
0.998,0.0019045
1.0,6e-08
0.00010073,1.0
0.6133,0.3865
0.9116,0.08844
3.87e-05,1.0
0.0006313,0.9995
1.0,9.5e-07
6.95e-05,1.0
0.0,1.0
3.6e-07,1.0
0.8022,0.1976
1.0,1.15e-05
0.0,1.0
0.6357,0.3643
0.0,1.0
0.0,1.0
4.56e-05,1.0
5.07e-06,1.0
0.965,0.0352
0.0721,0.9277
0.0,1.0
0.001444,0.9985
1.0,2.044e-05
5.9e-06,1.0
0.0,1.0
8.094e-05,1.0
2.83e-05,1.0
0.383,0.6167
2.64e-05,1.0
0.8022,0.1976
0.0,1.0
0.01107,0.989
0.0,1.0
0.889,0.11084
0.924,0.0761
0.0,1.0
0.8022,0.1976
1.0,0.0002074
1.0,1.59e-05
0.01171,0.9883
0.0001432,1.0
1.0,8e-07
0.9775,0.02226
0.001285,0.9985
0.996,0.00411
0.9185,0.0817
0.999,0.001002
3.564e-05,1.0
0.000539,0.9995
0.9746,0.02534
1.0,4.95e-06
8.8e-06,1.0
0.0,1.0
1.0,3.6e-07
0.8022,0.1976
1.0,3.66e-05
7e-07,1.0
0.00795,0.992
1.0,0.0001442
0.983,0.01703
6.06e-05,1.0
0.0,1.0
0.0,1.0
0.8086,0.1914
1.0,2e-06
0.0001085,1.0
0.996,0.00411
0.1979,0.8022
0.0,1.0
0.0,1.0
0.7666,0.2332
1e-07,1.0
6.634e-05,1.0
6.6e-07,1.0
1.0,8.51e-05
0.0,1.0
2e-07,1.0
0.02162,0.9785
0.0001039,1.0
1.0,1.246e-05
0.6094,0.3909
0.0002825,0.9995
0.0008025,0.999
0.9683,0.03177
3.65e-05,1.0
0.000256,0.9995
6e-08,1.0
8.714e-05,1.0
1.2e-05,1.0
0.002188,0.998
0.994,0.006016
0.0,1.0
0.0,1.0
1.0,2.74e-06
3e-07,1.0
0.0,1.0
3.43e-05,1.0
1.0,0.000159
0.9316,0.0686
0.938,0.06204
0.0,1.0
0.0003529,0.9995
6.557e-05,1.0
0.0,1.0
0.8022,0.1976
1.0,6.4e-06
0.0,1.0
0.0004117,0.9995
0.03882,0.961
0.0002003,1.0
0.8022,0.1976
0.02092,0.979
8e-07,1.0
1.0,8.9e-06
0.8022,0.1976
0.0,1.0
0.8022,0.1976
3.9e-06,1.0
0.0,1.0
1e-07,1.0
1.0,5.4e-07
0.1643,0.836
0.00341,0.9966
3.96e-05,1.0
0.0001888,1.0
0.000625,0.9995
0.9795,0.02057
0.8022,0.1976
0.0,1.0
0.8022,0.1976
8e-07,1.0
7e-07,1.0
0.0,1.0
1.03e-05,1.0
8.994e-05,1.0
2.5e-06,1.0
0.0,1.0
1.0,0.0001535
0.003235,0.9966
0.8022,0.1976
3.6e-07,1.0
0.0,1.0
0.00011367,1.0
0.001057,0.999
2.15e-06,1.0
0.0,1.0
1.0,7.97e-05
2.44e-06,1.0
0.04953,0.9507
0.4456,0.5547
0.8022,0.1976
0.0,1.0
5.585e-05,1.0
0.0001273,1.0
0.999,0.001015
0.7363,0.264
0.8022,0.1976
1.0,1.43e-06
0.0,1.0
0.0,1.0
6e-08,1.0
0.0,1.0
0.0,1.0
0.8022,0.1976
9.84e-05,1.0
1.0,0.0001489
0.0,1.0
0.0,1.0
1.0,4.5e-06
0.869,0.1306
0.8022,0.1976
6e-08,1.0
1.25e-05,1.0
3.18e-05,1.0
0.0252,0.9746
0.954,0.0459
0.014175,0.986
0.001004,0.999
0.9873,0.01277
0.002506,0.9976
0.0,1.0
0.8022,0.1976
3.6e-07,1.0
0.01059,0.9893
0.001375,0.9985
1.0,1e-07
0.8022,0.1976
5.627e-05,1.0
0.9146,0.08527
0.008286,0.9917
1.0,2.54e-05
0.975,0.02504
0.0001687,1.0
1.0,6.6e-07
1.7e-06,1.0
9.21e-05,1.0
0.01023,0.9897
0.0,1.0
0.0,1.0
1.0,7.397e-05
0.0,1.0
0.8022,0.1976
1.0,3.84e-05
6.205e-05,1.0
0.0,1.0
4.816e-05,1.0
0.0003347,0.9995
1.0,7.844e-05
0.05515,0.945
0.001879,0.998
1.0,2e-07
1.0,5e-07
1.0,2.384e-05
0.0,1.0
0.8022,0.1976
0.0378,0.9624
1.0,4.05e-06
0.0,1.0
0.00404,0.996
1.67e-06,1.0
1e-07,1.0
0.00011325,1.0
0.0002434,1.0
0.9233,0.0769
1.0,1.31e-05
1.25e-06,1.0
1.0,7.63e-05
0.967,0.0331
0.0002491,0.9995
4.23e-05,1.0
0.0,1.0
2.146e-05,1.0
0.0,1.0
1.0,3e-07
0.8022,0.1976
0.0001781,1.0
0.8022,0.1976
0.9897,0.01009
0.8022,0.1976
3.9e-05,1.0
1.17e-05,1.0
0.906,0.09436
0.00032,0.9995
0.00301,0.997
0.0002587,0.9995
3.6e-07,1.0
0.8022,0.1976
0.0,1.0
0.996,0.003744
0.8022,0.1976
0.0,1.0
0.7017,0.2983
1.0,1.49e-05
0.1232,0.877
0.9897,0.01017
1.0,6.66e-05
5.8e-06,1.0
0.000613,0.9995
0.898,0.10223
0.0004973,0.9995
0.9995,0.0003114
2.15e-06,1.0
0.000611,0.9995
1.25e-06,1.0
0.8022,0.1976
2.39e-05,1.0
0.0,1.0
2.617e-05,1.0
0.013275,0.987
0.00518,0.9946
0.0003302,0.9995
0.0,1.0
7.784e-05,1.0
0.8022,0.1976
1.0,6e-08
0.8022,0.1976
0.6504,0.3496
0.0006337,0.9995
0.0002296,1.0
0.0,1.0
6e-08,1.0
1.0,1e-06
0.0,1.0
0.9487,0.05136
0.9595,0.04047
0.9995,0.0004141
0.54,0.46
7.9e-06,1.0
3.386e-05,1.0
0.01305,0.987
0.0,1.0
0.8022,0.1976
1.0,1.305e-05
1.9e-06,1.0
7.4e-06,1.0
0.000288,0.9995
0.0006323,0.9995
2.83e-05,1.0
1.0,1.41e-05
0.1006,0.8994
5.07e-06,1.0
1.55e-06,1.0
0.997,0.00279
0.0004215,0.9995
0.0003023,0.9995
0.0,1.0
0.8022,0.1976
2.2e-06,1.0
0.9316,0.0686
0.9517,0.04846
0.0005918,0.9995
0.0007267,0.9995
0.0,1.0
0.0,1.0
0.9297,0.07025
0.001704,0.9985
0.98,0.01999
5e-06,1.0
0.0008693,0.999
1.0,3.01e-05
0.942,0.058
1.0,2.8e-06
0.999,0.0007615
3.47e-05,1.0
4.1e-06,1.0
1.0,6e-07
4.3e-05,1.0
7.3e-06,1.0
0.9995,0.0004747
0.0,1.0
1.0,8e-05
0.5186,0.4814
0.9834,0.01637
2.4e-07,1.0
2e-07,1.0
0.0,1.0
0.0,1.0
1.7e-06,1.0
0.9946,0.00529
6e-08,1.0
0.923,0.07733
0.0,1.0
0.9995,0.0005736
0.9546,0.04553
0.001923,0.998
0.004635,0.9956
1.0,3.8e-06
0.6016,0.3984
5.4e-07,1.0
7.755e-05,1.0
0.0,1.0
2.4e-07,1.0
0.000983,0.999
5.84e-06,1.0
1.0,0.0001031
1.0,3e-07
2.9e-06,1.0
0.9365,0.06366
2.67e-05,1.0
0.9253,0.0749
0.011444,0.989
1.0,1e-07
0.001671,0.9985
2.7e-06,1.0
5.126e-05,1.0
1.84e-05,1.0
4e-07,1.0
9.316e-05,1.0
0.74,0.2595
0.998,0.002039
0.0,1.0
1.0,0.0001465
0.3147,0.685
0.9995,0.0006814
0.0,1.0
1.0,2.7e-05
0.8022,0.1976
0.0,1.0
1.264e-05,1.0
8.96e-05,1.0
2.944e-05,1.0
0.8022,0.1976
0.8022,0.1976
0.7256,0.2747
2.66e-05,1.0
0.0002003,1.0
0.0,1.0
1.97e-06,1.0
1.0,6e-08
0.0,1.0
0.8022,0.1976
0.8022,0.1976
1.0,6e-08
0.00365,0.9966
0.0,1.0
1.0,1e-05
0.1792,0.821
0.000688,0.9995
6e-08,1.0
0.996,0.00396
4.965e-05,1.0
0.0003808,0.9995
0.0012,0.999
0.000315,0.9995
0.0,1.0
1.2e-06,1.0
1.0,2e-07
5.25e-06,1.0
0.000784,0.999
8.64e-06,1.0
1.0,7.14e-05
0.0,1.0
0.0,1.0
0.8022,0.1976
1.0,0.0002123
0.8794,0.1207
1.1e-06,1.0
1.7e-06,1.0
0.001279,0.9985
0.0002131,1.0
0.8022,0.1976
0.9653,0.03455
0.0,1.0
0.9688,0.03125
4.91e-05,1.0
0.001354,0.9985
1e-07,1.0
0.003344,0.9966
0.8022,0.1976
1.0,0.0001622
0.0,1.0
0.9995,0.0004215
2e-07,1.0
0.000227,1.0
0.001803,0.998
3.16e-06,1.0
5e-06,1.0
4.2e-06,1.0
2.35e-05,1.0
2.69e-05,1.0
0.0,1.0
0.935,0.06506
1.0,4e-07
0.001008,0.999
0.01482,0.9854
0.8022,0.1976
0.0,1.0
1.0,0.0
0.0001867,1.0
4e-07,1.0
0.683,0.317
0.000614,0.9995
9e-07,1.0
0.0,1.0
4.95e-05,1.0
0.0002482,0.9995
0.1417,0.8584
0.9995,0.0002632
0.0001824,1.0
0.7925,0.2076
1.0,0.0001318
0.000543,0.9995
0.01857,0.9814
0.761,0.2385
1.0,0.0001578
0.999,0.000772
0.001984,0.998
0.0,1.0
0.001004,0.999
0.8022,0.1976
1.0,3.18e-05
3.64e-06,1.0
0.0,1.0
0.002693,0.997
0.635,0.365
1.0,7.397e-05
1.85e-06,1.0
1.0,0.0
1.0,4.15e-05
0.003124,0.997
0.985,0.015076
0.999,0.000856
0.9873,0.01253
1.0,6.76e-05
0.0,1.0
0.969,0.03073
0.9995,0.0003626
0.9927,0.007374
2.5e-06,1.0
0.0,1.0
0.9585,0.0417
2.4e-07,1.0
0.999,0.001099
1.0,9e-07
4e-07,1.0
0.000344,0.9995
0.912,0.08813
0.8125,0.1876
0.998,0.0018635
1.0,1.925e-05
0.7466,0.2534
0.2913,0.709
7.904e-05,1.0
1.0,2.31e-05
0.981,0.01926
0.8022,0.1976
0.001552,0.9985
0.903,0.09705
0.001775,0.998
1.0,6e-08
5.4e-07,1.0
0.77,0.2301
0.0,1.0
0.8022,0.1976
1.1e-06,1.0
0.8022,0.1976
1.0,0.00011325
1.0,0.0002306
0.982,0.01825
0.0002654,0.9995
1.0,0.0001622
0.010056,0.9897
0.8022,0.1976
0.823,0.1769
0.0,1.0
1.0,2.4e-07
0.8022,0.1976
0.0,1.0
2e-07,1.0
5.4e-07,1.0
0.00082,0.999
5.04e-05,1.0
0.9946,0.00521
0.04282,0.957
0.9824,0.0178
1.0,3.81e-05
0.01086,0.9893
0.8022,0.1976
0.8022,0.1976
0.9995,0.0002444
0.0,1.0
0.967,0.0334
0.8022,0.1976
0.00522,0.9946
1.0,5e-07
1.0,0.00011593
0.0005646,0.9995
0.0,1.0
4.35e-05,1.0
0.8022,0.1976
0.9995,0.000325
3e-07,1.0
0.905,0.09515
6e-08,1.0
0.0,1.0
0.013504,0.9863
0.0,1.0
1.0,0.0
1.0,9e-07
0.92,0.0799
0.8022,0.1976
0.8965,0.10345
0.8564,0.1438
1.0,3.69e-05
0.01753,0.9824
1.156e-05,1.0
0.6455,0.3545
0.0,1.0
0.0,1.0
1.0,6e-08
1.0,0.0
6.276e-05,1.0
4e-06,1.0
0.9805,0.0194
1.0,5.25e-06
0.0006166,0.9995
1.0,9.5e-07
0.01559,0.9844
0.0,1.0
1.0,3.7e-06
0.6533,0.3467
7.06e-05,1.0
1.2e-06,1.0
1.0,7e-07
0.003267,0.9966
3.415e-05,1.0
0.987,0.0131
1.0,1e-07
0.002144,0.998
0.5244,0.4756
4.834e-05,1.0
0.00011635,1.0
0.0,1.0
0.001042,0.999
0.0,1.0
2e-07,1.0
1.0,1.18e-05
0.8022,0.1976
0.0679,0.932
0.0,1.0
0.0,1.0
8.51e-05,1.0
0.0078,0.992
0.8022,0.1976
0.7793,0.2208
0.981,0.01894
4e-07,1.0
5.1e-06,1.0
6e-08,1.0
0.0003283,0.9995
0.0,1.0
2.66e-05,1.0
0.99,0.009674
0.12164,0.8784
0.8022,0.1976
0.001297,0.9985
1.0,8.5e-06
0.654,0.3464
1.0,0.0001489
1.0,1.13e-05
0.8022,0.1976
0.0,1.0
4.166e-05,1.0
4.4e-06,1.0
1.0,0.0001853
2.1e-06,1.0
3.32e-05,1.0
0.8022,0.1976
0.0,1.0
0.8374,0.1625
0.002693,0.997
0.0,1.0
0.0,1.0
0.619,0.381
1.0,6e-08
0.0002388,1.0
0.0,1.0
0.9272,0.0726
0.912,0.0879
0.9233,0.07684
0.0,1.0
6.5e-05,1.0
0.9526,0.04745
1.0,6.56e-06
0.9077,0.0922
6e-08,1.0
1.13e-05,1.0
1.0,0.0
6e-08,1.0
6e-08,1.0
1.88e-05,1.0
1.0,4.35e-06
0.972,0.02771
2e-07,1.0
0.001297,0.9985
0.9897,0.01007
0.01169,0.9883
0.0,1.0
6e-08,1.0
0.8022,0.1976
7.117e-05,1.0
0.0,1.0
0.0001489,1.0
0.0,1.0
0.003906,0.996
0.0,1.0
0.007133,0.9927
1.0,2e-07
8.3e-07,1.0
0.0,1.0
0.967,0.03342
0.0,1.0
0.0001768,1.0
5e-06,1.0
0.6914,0.3088
8.75e-05,1.0
0.000544,0.9995
1.77e-05,1.0
0.001839,0.998
0.8022,0.1976
1.0,2.2e-06
3.48e-05,1.0
0.002953,0.997
0.999,0.000911
1.0,9.14e-05
0.04996,0.95
0.001558,0.9985
2.3e-06,1.0
0.000927,0.999
0.0,1.0
0.0,1.0
0.633,0.3672
1.0,1.5e-06
0.0001409,1.0
0.0,1.0
0.8022,0.1976
0.01162,0.9883
0.8975,0.1025
1.9e-06,1.0
1.0,2.4e-06
0.00939,0.9907
1.0,6.5e-05
1.0,0.0001064
4.35e-05,1.0
1.0,3e-07
1.0,3.87e-05
0.0,1.0
0.91,0.08984
0.0,1.0
1.41e-05,1.0
1e-07,1.0
0.0001754,1.0
1.2e-06,1.0
3e-07,1.0
9.5e-07,1.0
0.9736,0.02655
0.002861,0.997
0.974,0.02591
1.0,1e-07
1.0,8e-07
1.0,3.093e-05
0.000299,0.9995
3.4e-06,1.0
0.8022,0.1976
0.9404,0.05966
3.46e-06,1.0
1.0,8e-07
1.377e-05,1.0
1e-07,1.0
5.496e-05,1.0
0.0,1.0
0.1539,0.846
1.0,4.07e-05
0.658,0.342
0.002337,0.9976
5.245e-05,1.0
0.0001667,1.0
0.000741,0.999
0.01755,0.9824
0.0007067,0.9995
6e-07,1.0
0.667,0.333
0.8022,0.1976
3.254e-05,1.0
4e-07,1.0
6.133e-05,1.0
0.006733,0.993
0.7637,0.2363
0.0,1.0
1.0,0.000166
1.0,0.0001512
0.0,1.0
1.0,7.7e-06
0.8022,0.1976
0.9185,0.0813
0.0,1.0
0.0,1.0
7.284e-05,1.0
0.942,0.05814
6.6e-06,1.0
0.000664,0.9995
3e-07,1.0
8.7e-06,1.0
0.0,1.0
0.9995,0.0004945
0.0006013,0.9995
0.0,1.0
1.3e-06,1.0
0.772,0.2278
1.0,0.0
0.8203,0.1796
0.999,0.00101
3.535e-05,1.0
0.9985,0.001607
6.5e-06,1.0
0.821,0.1793
6e-08,1.0
0.998,0.001803
1.0,1.31e-05
0.0,1.0
0.6987,0.3015
0.00518,0.9946
0.9546,0.04544
0.2441,0.756
5.966e-05,1.0
0.954,0.04575
1.0,1.633e-05
0.8022,0.1976
3.6e-07,1.0
1.0,1.174e-05
0.002153,0.998
7.45e-06,1.0
2.6e-06,1.0
0.0,1.0
0.9937,0.006123
1.0,3.4e-05
1.0,3.84e-05
0.1329,0.867
0.8022,0.1976
0.000823,0.999
0.03714,0.963
5.36e-06,1.0
0.8022,0.1976
3e-07,1.0
0.000186,1.0
4.65e-06,1.0
0.9995,0.0003195
0.8022,0.1976
0.999,0.001017
3.12e-05,1.0
7.874e-05,1.0
3.034e-05,1.0
0.0,1.0
0.8022,0.1976
1.0,0.0
1.0,4.63e-05
5e-07,1.0
0.0096,0.99
0.00777,0.992
2.784e-05,1.0
0.0,1.0
0.98,0.01993
0.001335,0.9985
0.0006485,0.9995
0.8022,0.1976
1.6e-06,1.0
0.885,0.11536
1.6e-06,1.0
0.995,0.005
1.0,8.3e-07
1.0,6e-08
0.8022,0.1976
0.04456,0.9556
0.988,0.01219
2e-07,1.0
0.8535,0.1466
0.9805,0.01945
3.594e-05,1.0
0.979,0.02116
1e-07,1.0
0.8022,0.1976
0.8022,0.1976
0.3164,0.6836
1.8e-06,1.0
0.0578,0.9424
0.8022,0.1976
0.998,0.002188
0.0001647,1.0
0.0002851,0.9995
6.6e-07,1.0
0.0,1.0
0.9585,0.04132
0.0,1.0
0.0,1.0
0.0,1.0
7.3e-06,1.0
0.0003452,0.9995
0.9565,0.04346
6e-08,1.0
0.909,0.091
7.087e-05,1.0
1.0,1.16e-05
0.0,1.0
0.0,1.0
0.0,1.0
0.889,0.1106
5.41e-05,1.0
1e-06,1.0
1.7e-06,1.0
0.0,1.0
0.7817,0.2184
6e-07,1.0
0.0001609,1.0
0.8022,0.1976
1.0,1.9e-06
0.4226,0.5776
9.8e-05,1.0
1.0,2.54e-05
0.0,1.0
8e-07,1.0
0.00034,0.9995
0.7964,0.2036
0.9995,0.0003448
1.0,2.15e-06
1e-07,1.0
0.0,1.0
0.0,1.0
3e-07,1.0
0.000567,0.9995
0.001402,0.9985
0.0,1.0
0.0,1.0
0.0001264,1.0
0.0004494,0.9995
1.0,3e-06
1.25e-06,1.0
1e-07,1.0
1e-07,1.0
5.7e-06,1.0
0.0,1.0
0.9995,0.0004878
1.0,2.12e-05
2.15e-05,1.0
0.0002995,0.9995
0.8022,0.1976
1.0,2e-07
1.0,0.0001622
0.0,1.0
0.868,0.1317
0.029,0.971
0.0001253,1.0
0.0,1.0
0.8604,0.1396
0.9243,0.0758
1.0,0.0001003
0.0002532,0.9995
1.0,0.0
0.0,1.0
0.8022,0.1976
0.608,0.3918
0.000174,1.0
0.01265,0.9873
0.0,1.0
1.067e-05,1.0
0.9995,0.0004656
0.001294,0.9985
7.1e-06,1.0
0.0,1.0
0.001282,0.9985
0.0002623,0.9995
0.0005894,0.9995
1.0,0.0001273
1.0,6e-07
0.0,1.0
0.5903,0.4094
0.716,0.284
5.33e-05,1.0
0.8022,0.1976
0.0911,0.9087
9.03e-05,1.0
0.0001377,1.0
1e-07,1.0
0.0002191,1.0
1.0,6e-08
7.75e-06,1.0
1.0,1.01e-05
0.8022,0.1976
9.8e-05,1.0
3e-07,1.0
2e-07,1.0
1.55e-06,1.0
6.6e-06,1.0
0.0,1.0
0.0,1.0
0.724,0.2761
2.5e-05,1.0
1.0,2.605e-05
4.685e-05,1.0
0.002867,0.997
0.0,1.0
0.00011456,1.0
0.00025,0.9995
1.02e-05,1.0
1.0,1.09e-05
1.0,3.374e-05
0.0001795,1.0
0.00293,0.997
1.0,4e-07
1.0,7.5e-06
1.264e-05,1.0
0.009895,0.99
3.12e-05,1.0
0.952,0.04794
1.0,1.425e-05
3.994e-05,1.0
0.001897,0.998
1.0,6e-08
1.0,1e-07
8.3e-06,1.0
0.0,1.0
2.08e-05,1.0
1.0,3.6e-07
3e-07,1.0
0.8022,0.1976
0.8022,0.1976
1e-07,1.0
1.13e-06,1.0
1.0,6e-07
3.15e-05,1.0
0.8022,0.1976
0.8022,0.1976
1.0,5.65e-05
0.9746,0.02525
0.7344,0.2654
1.17e-05,1.0
0.0,1.0
0.8022,0.1976
0.0203,0.9795
0.0,1.0
2.86e-06,1.0
8.34e-06,1.0
0.8022,0.1976
3.946e-05,1.0
0.0,1.0
5.54e-06,1.0
0.0,1.0
4.65e-06,1.0
0.9995,0.0004504
0.0,1.0
0.00623,0.9937
0.012825,0.9873
0.9985,0.001574
0.997,0.00279
1.0,1.3e-06
0.0,1.0
2.8e-06,1.0
6e-08,1.0
0.681,0.3188
0.0,1.0
0.8022,0.1976
0.0,1.0
1.0,0.000135
0.4475,0.5527
0.01607,0.984
1.0,5.25e-06
1.264e-05,1.0
0.0228,0.977
0.000871,0.999
0.91,0.0897
1.0,0.0
0.0002472,0.9995
0.00423,0.9956
1.0,0.0001011
0.931,0.0687
1.0,2.4e-07
0.0,1.0
0.0008492,0.999
0.2915,0.7085
0.001297,0.9985
0.0001572,1.0
1.0,2.724e-05
0.0615,0.9385
0.8022,0.1976
0.04398,0.956
2.7e-06,1.0
0.94,0.06003
1.0,4e-07
0.8022,0.1976
0.0,1.0
0.9785,0.02148
0.0,1.0
1.5e-06,1.0
0.001879,0.998
0.98,0.02025
0.994,0.006096
0.02295,0.977
6e-07,1.0
0.0004983,0.9995
1.115e-05,1.0
1.0,1e-07
4.506e-05,1.0
0.9995,0.000383
2.205e-05,1.0
2.7e-05,1.0
5.16e-05,1.0
4.7e-05,1.0
6.6e-07,1.0
4.1e-06,1.0
0.0002351,1.0
9e-07,1.0
2e-07,1.0
1.0,4.23e-06
0.9746,0.02547
1.0,0.00010973
0.0,1.0
1e-06,1.0
0.1115,0.8887
0.0,1.0
0.9346,0.0655
0.0,1.0
1.0,3.2e-06
2.4e-07,1.0
1.67e-06,1.0
0.9414,0.05856
1.0,5.4e-07
0.8022,0.1976
1.0,4e-07
0.909,0.091
0.004215,0.9956
0.998,0.002153
6e-08,1.0
0.0003662,0.9995
6.5e-06,1.0
0.0,1.0
3.16e-05,1.0
1.97e-06,1.0
0.8315,0.1683
5.07e-06,1.0
0.999,0.001192
0.911,0.0887
0.0005736,0.9995
0.842,0.1581
0.0,1.0
9.14e-05,1.0
0.904,0.09625
9e-07,1.0
0.0042,0.9956
0.9893,0.01059
0.9946,0.00526
0.0,1.0
0.9556,0.04422
4.85e-05,1.0
0.00088,0.999
1.0,0.0001253
0.8022,0.1976
1.0,3e-07
1.013e-05,1.0
3.374e-05,1.0
5.66e-06,1.0
5.966e-05,1.0
1.0,5.61e-05
1.0,0.0
0.998,0.001731
4.4e-05,1.0
1.0,2e-07
0.0,1.0
6e-08,1.0
0.99,0.0096
3.946e-05,1.0
0.8735,0.1265
1.63e-05,1.0
1.0,1.9e-06
0.4353,0.565
0.9907,0.00939
1.0,3.374e-05
0.8022,0.1976
0.988,0.012054
1e-06,1.0
0.00011414,1.0
0.966,0.03427
0.00011545,1.0
1.0,0.0002242
0.0006094,0.9995
0.001953,0.998
0.9995,0.0002809
0.004215,0.9956
0.8022,0.1976
6.4e-05,1.0
1.0,0.0001559
5.4e-07,1.0
1.0,0.0001615
0.9995,0.000453
1.0,3.1e-06
0.524,0.476
0.0633,0.9365
6e-08,1.0
2.4e-07,1.0
0.9517,0.0485
8.06e-05,1.0
1.0,0.0001642
0.8022,0.1976
1.0,4.315e-05
1e-07,1.0
1.0,2.176e-05
7.03e-06,1.0
0.0,1.0
0.0007553,0.999
0.9326,0.0673
0.0,1.0
2.515e-05,1.0
1.0,8.8e-06
0.00143,0.9985
0.0,1.0
0.002356,0.9976
0.0014105,0.9985
0.0,1.0
1.0,7.7e-06
1.115e-05,1.0
0.9995,0.0003333
1.17e-05,1.0
0.964,0.03607
0.2341,0.7656
1.0,7e-07
5.126e-05,1.0
0.0,1.0
0.0,1.0
1.144e-05,1.0
0.9453,0.0546
1.0,3.79e-05
0.0002283,1.0
0.999,0.001147
1.0,5.9e-06
0.0,1.0
0.8022,0.1976
0.0,1.0
0.0,1.0
1.0,0.0
0.0001392,1.0
1.2e-06,1.0
4.363e-05,1.0
6e-08,1.0
1.0,6.9e-06
1e-07,1.0
0.02014,0.98
0.0,1.0
1.0,0.0002434
0.0008183,0.999
0.02538,0.9746
0.1967,0.803
1.925e-05,1.0
0.00212,0.998
1.0,5.92e-05
0.8022,0.1976
0.8022,0.1976
0.007164,0.9927
0.9995,0.0004416
0.999,0.001138
0.0,1.0
0.0,1.0
1e-07,1.0
0.002586,0.9976
0.1782,0.822
1.0,5.126e-05
2.91e-05,1.0
0.02165,0.9785
1.0,1e-07
0.1512,0.8486
0.0006933,0.9995
2.44e-05,1.0
3.81e-05,1.0
0.0001853,1.0
1.62e-05,1.0
0.004894,0.995
0.962,0.03802
0.0001979,1.0
0.0,1.0
0.974,0.02606
0.8022,0.1976
0.841,0.1594
0.8022,0.1976
0.8022,0.1976
1.0,3.82e-05
0.524,0.476
0.0,1.0
0.998,0.001995
0.0,1.0
0.9844,0.01554
6e-08,1.0
0.855,0.1448
1.0,0.0001064
0.8022,0.1976
0.9995,0.0006084
8.34e-06,1.0
0.0,1.0
0.0,1.0
0.0005593,0.9995
0.0357,0.9644
0.8022,0.1976
0.0002166,1.0
0.0,1.0
0.0001603,1.0
0.1909,0.809
8.46e-06,1.0
2.5e-06,1.0
0.000883,0.999
2.8e-06,1.0
2.605e-05,1.0
1.0,8.3e-07
0.0003493,0.9995
8.315e-05,1.0
0.8022,0.1976
0.0002613,0.9995
0.0001911,1.0
1.0,6e-08
0.0002221,1.0
2.26e-06,1.0
0.0,1.0
1.0,6e-08
0.9653,0.03488
5e-07,1.0
0.999,0.001167
0.0,1.0
0.8745,0.1257
0.0,1.0
0.9995,0.0004141
1.0,0.0
0.9126,0.08765
0.8022,0.1976
0.8022,0.1976
0.735,0.2651
1.0,2.2e-06
0.9985,0.001516
8.9e-06,1.0
3.02e-05,1.0
0.006798,0.993
0.1962,0.8037
3.96e-05,1.0
1.0,1.14e-05
2e-07,1.0
0.8022,0.1976
4e-07,1.0
0.000166,1.0
1.0,0.0
0.02611,0.974
1.41e-05,1.0
0.8022,0.1976
1.0,6.81e-05
1.0,5.37e-05
2.68e-05,1.0
8.3e-07,1.0
0.0003493,0.9995
7.37e-05,1.0
0.8022,0.1976
0.9424,0.05765
1.0,0.0
0.9956,0.004173
0.0004878,0.9995
0.0,1.0
0.8022,0.1976
0.0004718,0.9995
0.000312,0.9995
0.0,1.0
0.0,1.0
0.999,0.0007567
1.0,3.51e-05
8.64e-06,1.0
0.0006037,0.9995
0.8022,0.1976
9.954e-05,1.0
0.0,1.0
1.0,7.1e-06
0.00827,0.9917
0.8022,0.1976
0.0,1.0
1.0,1.1e-06
0.0009775,0.999
0.0001674,1.0
0.999,0.0008297
0.00064,0.9995
0.000838,0.999
1.0,9.763e-05
1.0,2.09e-05
1.0,2.2e-06
0.8022,0.1976
0.9976,0.002209
1.0,3.6e-07
1e-07,1.0
0.0883,0.9116
2.97e-05,1.0
2e-07,1.0
0.1747,0.825
5.4e-07,1.0
0.000406,0.9995
1.0,1e-07
0.9746,0.02527
1.0,1.25e-06
1.0,3e-07
0.0,1.0
0.83,0.1697
1.0,9.36e-06
1.9e-05,1.0
0.0,1.0
8.85e-05,1.0
0.0,1.0
0.09814,0.902
0.01101,0.989
0.9995,0.0004747
0.1409,0.859
0.011665,0.9883
0.688,0.312
0.1556,0.844
3.946e-05,1.0
0.01169,0.9883
0.0,1.0
0.9683,0.03162
0.0,1.0
0.0,1.0
8.51e-05,1.0
0.8022,0.1976
0.8022,0.1976
1.0,3.32e-05
0.9556,0.04446
0.0,1.0
1.07e-05,1.0
1.6e-06,1.0
3e-05,1.0
0.8022,0.1976
0.00368,0.996
0.00068,0.9995
3.76e-06,1.0
0.03265,0.9673
0.9966,0.00358
0.8022,0.1976
3.82e-05,1.0
0.0002191,1.0
0.9604,0.03967
0.9995,0.0005965
1.25e-06,1.0
0.00010765,1.0
0.10223,0.898
0.9917,0.00833
0.004887,0.995
0.002817,0.997
0.8022,0.1976
0.0831,0.917
0.001432,0.9985
1.0,0.0
0.4377,0.562
0.9497,0.0503
6.9e-06,1.0
0.0002183,1.0
2e-07,1.0
1.0,5.65e-05
0.01099,0.989
1.0,1.2e-06
6e-08,1.0
0.621,0.379
0.9995,0.0003288
0.007935,0.992
0.9385,0.0617
0.000514,0.9995
0.001831,0.998
0.8022,0.1976
0.0997,0.9004
3.27e-05,1.0
0.883,0.1174
1.0,9.954e-05
0.6885,0.3115
0.953,0.04694
1.097e-05,1.0
0.000732,0.9995
4.1e-06,1.0
0.0001489,1.0
0.04578,0.954
6e-08,1.0
0.07495,0.925
1e-07,1.0
0.3713,0.6284
0.0008025,0.999
1.0,2.855e-05
0.9683,0.03168
2.67e-05,1.0
9.92e-05,1.0
0.8022,0.1976
0.8022,0.1976
0.0005054,0.9995
0.0,1.0
1.0,2.86e-06
1.0,6e-08
0.02423,0.9756
3.6e-07,1.0
0.3838,0.616
1.25e-06,1.0
0.0,1.0
0.8022,0.1976
1.0,6e-08
0.8022,0.1976
0.003248,0.9966
0.0001746,1.0
1.34e-05,1.0
0.4502,0.55
6e-08,1.0
0.9575,0.0424
0.0,1.0
0.0802,0.92
0.0964,0.904
0.0001187,1.0
0.8022,0.1976
0.0,1.0
0.74,0.2595
3e-07,1.0
3.71e-05,1.0
7e-07,1.0
1.0,1.3e-06
0.0,1.0
1.0,6.48e-05
1.0,2e-06
0.0,1.0
1.0,3.84e-05
1.0,0.0
1.5e-05,1.0
1.0,0.00015
0.0,1.0
0.9355,0.0643
0.0,1.0
0.991,0.00892
0.0,1.0
0.3318,0.668
0.0706,0.929
1.9e-05,1.0
1.0,8.2e-06
0.8022,0.1976
0.58,0.4197
1.0,0.0001674
1.0,0.0001867
0.0166,0.9834
6.74e-06,1.0
1.0,0.0
0.9766,0.02347
1.0,1.2e-06
5.37e-05,1.0
1.0,4.2e-06
0.01003,0.9897
1.0,9.686e-05
1.0,1e-07
1.425e-05,1.0
0.00041,0.9995
0.353,0.647
0.9966,0.003572
1.0,3.49e-05
1.0,8.46e-06
2.42e-05,1.0
0.002296,0.9976
1.94e-05,1.0
0.9995,0.0004365
0.969,0.03088
1.0,8.8e-06
1.2e-06,1.0
0.0,1.0
0.0,1.0
6e-08,1.0
0.933,0.06696
0.8022,0.1976
0.0,1.0
2.414e-05,1.0
7.224e-05,1.0
1.0,4e-07
0.8022,0.1976
1.0,4.12e-05
1.0,1e-07
2.4e-07,1.0
0.9956,0.004307
1.0,0.0
6e-08,1.0
8.416e-05,1.0
0.9507,0.04916
0.002188,0.998
1e-07,1.0
0.0,1.0
1.0,0.0
1.0,7.8e-06
1.0,2.6e-06
0.9326,0.06744
0.009056,0.9907
0.1187,0.8813
0.0,1.0
0.0,1.0
1.0,3.9e-06
0.5356,0.4644
2e-07,1.0
0.994,0.005753
0.8022,0.1976
1.0,2e-07
0.01956,0.9805
0.0939,0.9062
2.193e-05,1.0
9.5e-07,1.0
0.8022,0.1976
1.0,2.56e-06
0.0,1.0
1.68e-05,1.0
0.9585,0.0417
3.16e-06,1.0
3.16e-06,1.0
0.9497,0.0502
0.0001388,1.0
0.04752,0.9526
0.0004888,0.9995
0.00846,0.9917
0.883,0.11694
1.794e-05,1.0
2.015e-05,1.0
0.0004728,0.9995
0.994,0.005707
1.5e-06,1.0
7.87e-06,1.0
0.0,1.0
1.0,2.2e-06
0.8086,0.1914
8.094e-05,1.0
8e-07,1.0
0.02533,0.9746
1.0,2.1e-06
0.0004628,0.9995
0.9644,0.0355
0.004738,0.995
0.9985,0.001558
1.293e-05,1.0
8.6e-06,1.0
1.0,4.196e-05
0.834,0.1659
0.838,0.1621
1.0,1e-07
1.0,6.8e-06
2.9e-06,1.0
9.5e-07,1.0
0.9775,0.02254
6e-08,1.0
1.0,0.0001987
0.0,1.0
0.8022,0.1976
0.0,1.0
0.0,1.0
0.0,1.0
1.0,2.15e-06
0.01813,0.982
0.0,1.0
0.7437,0.2563
1.0,1.9e-06
6e-08,1.0
0.0145,0.9854
0.001292,0.9985
2.3e-06,1.0
5e-07,1.0
0.0,1.0
0.0,1.0
0.8022,0.1976
0.9395,0.06064
0.02133,0.9785
0.0,1.0
0.9546,0.04544
0.9883,0.01196
0.002306,0.9976
7.486e-05,1.0
0.0007453,0.999
0.05792,0.942
0.9995,0.0003605
0.0852,0.915
0.873,0.1271
0.0001897,1.0
5.2e-06,1.0
1.0,7.814e-05
0.8022,0.1976
0.9385,0.0615
0.9863,0.01343
0.9995,0.0005746
6e-08,1.0
0.933,0.06714
0.02284,0.977
0.0,1.0
0.554,0.4456
0.999,0.001122
1.0,1.43e-06
9.8e-05,1.0
0.0,1.0
0.0,1.0
0.4805,0.5195
0.4016,0.598
0.595,0.4048
0.0,1.0
1e-06,1.0
0.0,1.0
4.035e-05,1.0
5.1e-05,1.0
0.0,1.0
0.9893,0.01071
0.7056,0.2944
0.001507,0.9985
1.69e-05,1.0
0.2255,0.7744
4.2e-06,1.0
4.9e-06,1.0
1.0,5.54e-06
4.5e-06,1.0
5.126e-05,1.0
0.0011425,0.999
0.0005627,0.9995
0.000256,0.9995
8e-07,1.0
0.8022,0.1976
3e-07,1.0
0.0004451,0.9995
0.1779,0.8223
1.7e-06,1.0
0.0,1.0
1.0,3.22e-05
0.974,0.02567
0.0,1.0
1.0,1.1e-06
0.8022,0.1976
6.11e-05,1.0
2.44e-06,1.0
1e-07,1.0
0.0838,0.916
0.001694,0.9985
0.0,1.0
3.9e-05,1.0
1.0,1.4e-06
0.648,0.3518
0.8022,0.1976
0.0,1.0
0.1237,0.8765
0.01114,0.989
1.0,0.0
0.0002542,0.9995
2e-07,1.0
1.0,0.0001459
0.0001979,1.0
0.984,0.01614
0.8022,0.1976
0.005375,0.9946
5.54e-06,1.0
2.6e-06,1.0
1.0,1.13e-05
0.997,0.00297
1.0,0.0001489
0.0001802,1.0
1.64e-05,1.0
0.000278,0.9995
0.0,1.0
0.8022,0.1976
0.00904,0.9907
6.557e-05,1.0
1.0,6.66e-05
0.0,1.0
0.9175,0.08264
2.86e-06,1.0
0.8022,0.1976
0.01559,0.9844
1.0,0.0
0.9346,0.06555
0.9453,0.05484
0.9136,0.08624
0.0001345,1.0
1e-07,1.0
0.0,1.0
2e-07,1.0
0.0042,0.9956
0.997,0.003172
2e-07,1.0
0.0,1.0
1.854e-05,1.0
3.564e-05,1.0
0.0001674,1.0
1.0,0.0001867
0.002296,0.9976
0.0,1.0
0.954,0.0458
0.03598,0.964
1.0,0.0002156
4.3e-05,1.0
0.8022,0.1976
0.7534,0.2465
0.0,1.0
0.0001404,1.0
3.4e-06,1.0
2.843e-05,1.0
3.93e-06,1.0
6e-08,1.0
1.0,0.0001477
2.5e-05,1.0
1.0,3.8e-06
0.0,1.0
0.05225,0.9478
0.0,1.0
0.8022,0.1976
3.6e-07,1.0
0.0331,0.967
1.0,3.79e-05
0.9834,0.01657
1.0,2e-07
6.527e-05,1.0
1.18e-05,1.0
0.0001366,1.0
0.0,1.0
0.8022,0.1976
0.005108,0.995
0.957,0.04288
0.07605,0.924
0.8022,0.1976
0.01053,0.9893
0.0,1.0
1.0,2.44e-06
0.8022,0.1976
0.937,0.06305
2.15e-06,1.0
1.0,8e-07
1.0,9.7e-06
3.34e-06,1.0
0.0004601,0.9995
0.0109,0.9893
0.8022,0.1976
0.00235,0.9976
0.9683,0.03156
0.999,0.001103
1.67e-06,1.0
4e-07,1.0
2.944e-05,1.0
0.143,0.857
0.0,1.0
0.0005326,0.9995
1.43e-06,1.0
0.00088,0.999
0.9995,0.0005183
0.8022,0.1976
0.9434,0.05646
0.8022,0.1976
4.1e-05,1.0
0.8022,0.1976
1.0,6e-08
0.246,0.754
0.8022,0.1976
0.0001442,1.0
0.0004148,0.9995
0.0671,0.933
1.0,2.74e-06
0.8022,0.1976
1.0,0.0002099
4e-07,1.0
0.8022,0.1976
0.9487,0.05142
4.79e-05,1.0
4.23e-06,1.0
1.13e-06,1.0
0.8022,0.1976
0.994,0.005688
1.6e-06,1.0
0.994,0.006016
0.0,1.0
8.3e-07,1.0
6.14e-06,1.0
7.2e-06,1.0
0.8022,0.1976
0.0039,0.996
0.0,1.0
0.002094,0.998
0.8022,0.1976
2.8e-06,1.0
0.0,1.0
0.0,1.0
0.000172,1.0
9.4e-06,1.0
1.8e-06,1.0
0.0,1.0
0.999,0.001174
0.1324,0.8677
0.00604,0.994
2.4e-07,1.0
0.0011835,0.999
0.0001371,1.0
1.0,6.1e-06
1.0,9.95e-06
0.9995,0.000406
1.0,9.5e-05
5.2e-06,1.0
0.007233,0.9927
1.0,1e-07
0.9883,0.01185
2.5e-06,1.0
1.0,6.5e-05
0.973,0.02663
3.374e-05,1.0
0.879,0.121
1.0,2.69e-05
2.646e-05,1.0
0.6807,0.3193
0.005272,0.9946
0.0002685,0.9995
0.8022,0.1976
5.066e-05,1.0
3.34e-06,1.0
1e-07,1.0
6e-08,1.0
0.987,0.0131
0.8022,0.1976
0.0,1.0
1.94e-05,1.0
0.0001802,1.0
1.0,6.6e-07
1.216e-05,1.0
0.03644,0.9634
0.01898,0.981
0.9863,0.013916
1.0,3.76e-06
1.55e-06,1.0
0.6733,0.3267
6e-08,1.0
1.0,1.6e-06
1.0,2e-07
0.9995,0.000591
0.000696,0.9995
0.00326,0.9966
0.0999,0.9
0.9995,0.00051
0.4692,0.531
2.44e-06,1.0
2.4e-07,1.0
0.0,1.0
0.0,1.0
2.4e-06,1.0
3.72e-05,1.0
1.0,1.15e-05
0.0002592,0.9995
1.0,4.3e-06
1.0,6.6e-06
2.4e-07,1.0
1.0,7.3e-06
2e-07,1.0
0.002768,0.997
1.0,1.32e-05
0.0009584,0.999
6e-08,1.0
1.0,0.0002148
6e-07,1.0
0.8022,0.1976
0.4338,0.5664
0.8022,0.1976
1.0,1.73e-05
0.0007057,0.9995
1.25e-06,1.0
0.00925,0.9907
0.001867,0.998
0.6724,0.3274
0.0018635,0.998
1.0,0.0001264
1.0,0.0001382
0.0,1.0
0.0,1.0
8e-07,1.0
6.95e-05,1.0
6e-06,1.0
0.0,1.0
4.23e-06,1.0
1.04e-05,1.0
1.0,5e-07
6e-08,1.0
0.8076,0.1921
1.0,0.0
4.35e-05,1.0
8.05e-06,1.0
0.00639,0.9937
0.9995,0.0006237
0.8022,0.1976
0.00873,0.991
4e-07,1.0
0.3225,0.6772
0.999,0.001015
0.8022,0.1976
1.0,0.0
0.001991,0.998
1e-07,1.0
0.8022,0.1976
0.001119,0.999
0.3818,0.618
0.0,1.0
0.8022,0.1976
1.1e-06,1.0
2.98e-05,1.0
1.0,1e-07
3.76e-06,1.0
5.4e-07,1.0
0.3066,0.6934
1.0,4.9e-06
0.009766,0.99
0.0,1.0
0.0009093,0.999
0.98,0.01987
0.8716,0.1285
9.316e-05,1.0
0.995,0.004803
0.0,1.0
0.0,1.0
0.985,0.015015
0.02216,0.978
1.0,8e-07
1.0,9.7e-06
0.9165,0.0834
0.981,0.0192
1.7e-06,1.0
0.0,1.0
0.9985,0.001567
2e-07,1.0
1.0,4e-06
0.5005,0.4995
6e-06,1.0
1.0,5.69e-05
0.0,1.0
0.1663,0.8335
1e-07,1.0
0.0,1.0
0.0748,0.9253
0.0002208,1.0
3.9e-06,1.0
1.0,2.1e-06
0.0001845,1.0
2.12e-05,1.0
6e-08,1.0
0.966,0.03418
0.749,0.251
0.999,0.000966
1.0,5e-07
4.3e-05,1.0
4.1e-05,1.0
4e-07,1.0
1.0,3e-07
0.9976,0.002333
0.994,0.00588
0.001333,0.9985
0.9985,0.001564
1.0,1e-07
0.8022,0.1976
0.008545,0.9917
0.8022,0.1976
1.0,0.0
0.983,0.01698
8.5e-06,1.0
0.874,0.126
0.9995,0.000338
0.651,0.349
0.131,0.869
0.9995,0.000646
0.9854,0.01473
1.37e-05,1.0
0.999,0.001211
6.086e-05,1.0
6e-08,1.0
0.7637,0.2362
0.9995,0.0005713
3e-07,1.0
1.0,3e-07
0.8022,0.1976
1e-06,1.0
0.003292,0.9966
1.5e-06,1.0
3.6e-07,1.0
1.0,1.055e-05
0.0,1.0
0.9736,0.02658
1.0,1.5e-06
0.1257,0.874
0.8022,0.1976
0.8022,0.1976
4.315e-05,1.0
0.0001994,1.0
0.05127,0.9487
3.76e-05,1.0
2.56e-06,1.0
0.001775,0.998
0.4307,0.5693
1e-07,1.0
0.002872,0.997
0.0,1.0
0.004467,0.9956
0.0,1.0
0.0,1.0
0.8022,0.1976
1.37e-05,1.0
0.000153,1.0
0.818,0.182
0.001092,0.999
0.979,0.02101
0.936,0.0642
0.4478,0.5522
0.0003412,0.9995
1.0,1.25e-06
0.00407,0.996
0.0009475,0.999
6e-08,1.0
0.0004656,0.9995
0.0008883,0.999
0.0,1.0
0.0001566,1.0
9.5e-07,1.0
0.8613,0.1385
0.0002191,1.0
0.0,1.0
0.0,1.0
9.54e-06,1.0
0.0,1.0
0.8022,0.1976
0.8022,0.1976
0.9985,0.001249
3.79e-05,1.0
7.254e-05,1.0
0.8022,0.1976
1.5e-06,1.0
1.3e-06,1.0
0.000848,0.999
1.1e-06,1.0
6e-08,1.0
0.8022,0.1976
1e-07,1.0
3.82e-05,1.0
1.0,0.0001102
0.0005026,0.9995
6e-08,1.0
0.02844,0.9717
0.8257,0.1743
0.3594,0.6406
0.0,1.0
0.8022,0.1976
0.8022,0.1976
2e-07,1.0
9.36e-06,1.0
0.9995,0.0003898
0.0,1.0
0.8022,0.1976
8.75e-05,1.0
0.1871,0.813
0.9175,0.08246
0.9995,0.000303
2e-07,1.0
1.0,8.9e-06
0.8022,0.1976
7.313e-05,1.0
0.0,1.0
7.284e-05,1.0
1.0,2.5e-06
0.8022,0.1976
8e-07,1.0
3e-07,1.0
0.002424,0.9976
1.0,2.12e-05
2.17e-05,1.0
1.0,0.0
1.0,1.5e-05
0.9995,0.00041
0.9087,0.0913
0.0,1.0
1.0,1e-07
1.0,1.013e-05
0.9707,0.02939
0.00051,0.9995
2.4e-07,1.0
0.0001128,1.0
0.8022,0.1976
1.0,1.115e-05
1.0,2.26e-06
0.8984,0.1013
0.4692,0.531
0.836,0.1643
0.8857,0.1143
0.8022,0.1976
0.013985,0.986
0.3867,0.6133
1.67e-06,1.0
0.8022,0.1976
0.0,1.0
0.8022,0.1976
1.0,6e-08
0.993,0.006744
0.001341,0.9985
1.0,0.0
0.0001398,1.0
0.995,0.004673
1.0,5e-07
0.8716,0.1282
0.0,1.0
0.0,1.0
1.0,0.0001761
4.3e-06,1.0
0.0042,0.9956
4.1e-06,1.0
0.8125,0.1877
0.0,1.0
1.0,1.25e-06
0.8457,0.154
0.0006866,0.9995
0.03708,0.963
1.9e-06,1.0
0.0,1.0
0.0,1.0
0.002497,0.9976
0.01834,0.9814
1.0,0.0
0.0,1.0
0.011116,0.989
1.0,6e-08
1.425e-05,1.0
9.066e-05,1.0
1.0,5.8e-06
6e-08,1.0
3.16e-06,1.0
1.0,2.4e-07
0.911,0.0889
3e-07,1.0
0.01185,0.9883
0.8022,0.1976
0.03366,0.9663
1.0,9e-06
0.006824,0.993
0.2927,0.7075
0.0,1.0
2.4e-07,1.0
0.938,0.06192
0.9336,0.0665
6e-08,1.0
0.002981,0.997
1.0,3.17e-05
0.0003684,0.9995
1.0,1.56e-05
0.0,1.0
0.00952,0.99
1.0,2.164e-05
0.13,0.87
0.0,1.0
0.02055,0.9795
0.01285,0.9873
3.64e-06,1.0
0.1283,0.8716
1.0,4.58e-05
0.992,0.007576
1.0,1.97e-06
0.9995,0.0005083
0.0,1.0
0.1792,0.821
4.333e-05,1.0
0.0004451,0.9995
0.8022,0.1976
1e-07,1.0
0.845,0.1549
1.0,1e-07
0.0,1.0
0.000839,0.999
1.0,6e-08
3.1e-06,1.0
0.8022,0.1976
0.0001972,1.0
1.0,6e-08
0.9824,0.01773
0.0001173,1.0
0.1346,0.865
1.0,8.255e-05
0.0,1.0
0.8022,0.1976
9.5e-07,1.0
0.01562,0.9844
0.9897,0.01021
2.7e-06,1.0
0.004566,0.9956
0.9995,0.0002573
1.0,0.0001355
0.0,1.0
4.53e-06,1.0
1.0,6e-08
8.154e-05,1.0
0.0007424,0.999
1.0,8.64e-06
0.8022,0.1976
0.666,0.334
0.0,1.0
3e-07,1.0
0.001,0.999
1.0,1.85e-06
0.0,1.0
1.75e-05,1.0
1.37e-05,1.0
0.0003257,0.9995
0.0,1.0
0.998,0.0018
0.002243,0.9976
0.999,0.001083
0.0,1.0
0.000513,0.9995
1.0,0.0
0.9277,0.07245
0.0882,0.9116
7.4e-06,1.0
0.0002397,1.0
0.0,1.0
9.9e-06,1.0
1.6e-06,1.0
1.1e-06,1.0
1.0,1.776e-05
0.999,0.00102
0.0001003,1.0
0.0001911,1.0
0.9673,0.0327
3.105e-05,1.0
0.0005326,0.9995
1.0,5.27e-05
0.304,0.696
0.0001019,1.0
1.0,7.254e-05
0.000134,1.0
0.0,1.0
0.3665,0.6333
0.10187,0.898
0.002388,0.9976
2e-07,1.0
0.8022,0.1976
0.0,1.0
0.1225,0.8774
0.02931,0.9707
0.598,0.402
2.4e-07,1.0
0.0,1.0
1e-07,1.0
1e-06,1.0
0.3218,0.678
0.2001,0.8
0.12115,0.879
3e-07,1.0
2.9e-06,1.0
2e-07,1.0
1.0,8.3e-07
1.0,9e-07
0.8022,0.1976
0.0,1.0
0.8022,0.1976
0.8022,0.1976
8.3e-07,1.0
6.44e-06,1.0
0.9995,0.0003815
1.0,0.0001215
2.7e-06,1.0
0.003424,0.9966
0.03442,0.966
0.0001015,1.0
2e-07,1.0
1.0,1.13e-05
0.01697,0.983
1.0,6.33e-05
0.936,0.0642
0.0,1.0
0.999,0.0008645
0.8022,0.1976
0.0002314,1.0
0.0,1.0
0.01257,0.9873
1.0,4.816e-05
0.01307,0.987
2.897e-05,1.0
1.0,1e-07
0.0002296,1.0
0.959,0.04083
1.0,6e-08
0.0,1.0
1.0,1.067e-05
0.999,0.0009584
0.00202,0.998
0.0006566,0.9995
0.000419,0.9995
0.9985,0.0012865
0.8457,0.1545
0.00011593,1.0
6.086e-05,1.0
0.007248,0.9927
0.0001205,1.0
1.0,1.25e-06
1.45e-05,1.0
0.0,1.0
0.6377,0.3625
1e-07,1.0
0.0,1.0
1.0,2.4e-07
0.8022,0.1976
8.3e-07,1.0
0.08405,0.916
0.996,0.003975
0.988,0.01201
0.00644,0.9937
0.000997,0.999
6.5e-06,1.0
1.0,8.9e-06
0.998,0.001879
0.6304,0.3694
0.0001273,1.0
0.9526,0.0472
0.0001584,1.0
1.0,3.093e-05
0.8022,0.1976
0.9893,0.01096
1.0,3.34e-06
0.0,1.0
0.0,1.0
4.053e-05,1.0
1.0,3.2e-06
1.0,0.0
1.0,5.496e-05
0.8623,0.1377
1.377e-05,1.0
0.992,0.00805
1.0,3.2e-06
1.0,7.427e-05
0.00138,0.9985
0.0,1.0
6.25e-05,1.0
4.23e-06,1.0
0.0002131,1.0
6e-08,1.0
0.9463,0.0537
1.0,2.28e-05
0.965,0.035
3.93e-06,1.0
0.0,1.0
1.0,4.774e-05
5.84e-06,1.0
1.0,2.86e-06
8.65e-05,1.0
0.785,0.215
9.4e-06,1.0
0.0,1.0
0.0,1.0
0.1633,0.8364
0.8022,0.1976
2.9e-06,1.0
0.0,1.0
0.0,1.0
0.0,1.0
0.0,1.0
0.0146,0.9854
1.0,6e-07
1.0,6e-08
0.0,1.0
3.564e-05,1.0
1.0,1.59e-05
1.0,0.0001303
0.0007687,0.999
0.0,1.0
7.814e-05,1.0
1.57e-05,1.0
1.2e-05,1.0
1.0,0.0002425
0.0,1.0
4e-07,1.0
0.0,1.0
1e-07,1.0
1.0,1.013e-05
0.02654,0.9736
0.007317,0.9927
0.986,0.01402
0.01194,0.9883
0.000836,0.999
0.891,0.10876
0.002525,0.9976
3.3e-06,1.0
0.0,1.0
0.8022,0.1976
0.502,0.4978
6e-08,1.0
0.0001253,1.0
0.8022,0.1976
1.0,8.38e-05
1.0,0.0
1e-06,1.0
0.01912,0.981
0.000645,0.9995
1.0,6.5e-05
0.9995,0.0002797
0.0,1.0
0.013374,0.987
0.9937,0.006157
0.0,1.0
0.412,0.588
1e-07,1.0
1.0,1.43e-06
0.967,0.0334
0.001297,0.9985
3.6e-07,1.0
0.010056,0.9897
0.01959,0.9805
3.5e-06,1.0
0.8022,0.1976
0.0,1.0
2.44e-06,1.0
0.04617,0.9536
1.0,3e-07
0.0,1.0
0.8022,0.1976
4.65e-05,1.0
0.9995,0.0003705
0.162,0.838
0.8022,0.1976
3.46e-06,1.0
0.997,0.003046
0.000629,0.9995
1.31e-05,1.0
0.0006013,0.9995
0.8022,0.1976
0.01976,0.9805
0.981,0.01888
0.0001788,1.0
0.000429,0.9995
0.3162,0.6836
1.0,8.2e-06
0.9917,0.00817
1.85e-06,1.0
0.001619,0.9985
2.45e-05,1.0
8.4e-06,1.0
1.0,0.0
1.0,1.63e-05
6e-08,1.0
0.9976,0.00227
3.6e-06,1.0
1.0,4.023e-05
0.8022,0.1976
0.9946,0.005524
0.003124,0.997
0.0002034,1.0
0.0,1.0
1.0,1e-07
2.44e-06,1.0
0.8022,0.1976
0.003736,0.996
1.0,8.3e-06
0.001028,0.999
0.954,0.04587
1.91e-05,1.0
1.0,2.64e-05
5e-07,1.0
1.0,6e-08
0.0,1.0
1.0,2e-07
0.0003576,0.9995
1.0,2.26e-06
0.8022,0.1976
0.0,1.0
0.0001459,1.0
0.0001596,1.0
0.9976,0.00231
3.6e-07,1.0
1.0,5.25e-06
8.416e-05,1.0
0.999,0.0007825
0.0,1.0
0.8022,0.1976
0.9917,0.008415
0.02324,0.9766
1.0,6e-08
1.05e-05,1.0
1.21e-05,1.0
0.8022,0.1976
0.8022,0.1976
0.5684,0.432
0.0002801,0.9995
0.0004878,0.9995
0.0,1.0
0.0,1.0
0.00604,0.994
0.000543,0.9995
0.0,1.0
1.0,5.96e-06
0.001121,0.999
0.0,1.0
0.0007567,0.999
0.802,0.1981
4e-06,1.0
0.9985,0.001597
0.001302,0.9985
1.0,0.0002099
0.00528,0.9946
0.1473,0.8525
0.9985,0.001245
0.10846,0.8916
0.8022,0.1976
0.999,0.000741
1.0,1.14e-05
0.0013,0.9985
1.01e-05,1.0
1.0,4.53e-06
0.9443,0.0556
0.0442,0.956
0.848,0.1517
0.9824,0.0174
0.1575,0.8423
1.335e-05,1.0
0.02458,0.9756
0.9995,0.000521
1.0,0.0
0.01797,0.982
6e-08,1.0
0.0,1.0
0.005535,0.9946
0.0,1.0
0.8022,0.1976
0.001042,0.999
0.0,1.0
1.0,5.877e-05
1.44e-05,1.0
0.0001264,1.0
2.13e-05,1.0
0.01031,0.9897
0.001265,0.9985
0.0,1.0
0.02332,0.9766
0.0,1.0
1.0,0.0
0.001067,0.999
1.55e-06,1.0
2.11e-05,1.0
0.03412,0.966
0.946,0.05435
0.001202,0.999
0.964,0.03595
5.36e-06,1.0
0.8022,0.1976
0.87,0.1296
1.25e-06,1.0
0.0,1.0
1.0,8.3e-07
1.0,9.54e-06
0.8345,0.1656
1.0,1.4e-06
1.0,1.25e-06
1.55e-05,1.0
2.9e-06,1.0
4.53e-06,1.0
2.015e-05,1.0
0.9995,0.0004718
0.9907,0.00909
1.0,6e-08
1.0,0.0001726
0.0,1.0
0.0,1.0
1.0,5.92e-05
5.2e-06,1.0
0.9985,0.001315
0.01591,0.984
6e-08,1.0
1.56e-05,1.0
0.8022,0.1976
0.0,1.0
0.999,0.0008845
2e-07,1.0
0.0005474,0.9995
0.00423,0.9956
0.01688,0.983
6e-08,1.0
1e-07,1.0
0.9995,0.0002463
0.04996,0.95
0.8022,0.1976
5.66e-06,1.0
0.997,0.00293
0.04398,0.956
1.25e-06,1.0
0.7866,0.2135
0.9688,0.03117
9.84e-05,1.0
1.0,5.4e-06
7.755e-05,1.0
1.0,4.65e-06
0.001161,0.999
3.64e-06,1.0
1.0,6e-08
0.8022,0.1976
6e-07,1.0
2.3e-06,1.0
0.8022,0.1976
8.5e-06,1.0
0.4375,0.5625
0.9326,0.06744
1.0,2e-07
0.769,0.231
0.0009437,0.999
1.55e-05,1.0
0.8022,0.1976
1.0,0.0
0.0001972,1.0
0.848,0.152
0.0,1.0
0.000815,0.999
0.002129,0.998
4.417e-05,1.0
0.3083,0.692
0.969,0.0306
4.816e-05,1.0
1.0,5.39e-05
1.633e-05,1.0
2.587e-05,1.0
1.0,0.0
0.9487,0.05118
0.6,0.4
1.0,6.38e-05
6e-08,1.0
6e-08,1.0
0.001875,0.998
0.0,1.0
1.0,3.6e-07
0.0,1.0
1e-07,1.0
3.16e-06,1.0
0.0005817,0.9995
0.0,1.0
0.0,1.0
1.0,5.94e-05
1.0,2.795e-05
0.011986,0.988
1.0,5.287e-05
0.0,1.0
0.8022,0.1976
0.002993,0.997
0.9326,0.0673
1.0,6e-07
0.9507,0.04907
1.764e-05,1.0
5.61e-05,1.0
1.0,1.1e-06
0.999,0.000804
5.496e-05,1.0
0.0,1.0
0.924,0.0761
0.0,1.0
0.000522,0.9995
0.0,1.0
1.0,0.0001746
1.0,9.5e-07
2.456e-05,1.0
2.044e-05,1.0
0.00892,0.991
1.0,7.4e-06
3.84e-05,1.0
0.944,0.05624
1.0,3.01e-05
0.981,0.01926
1.0,1e-07
0.8022,0.1976
1.0,1.43e-06
0.00482,0.995
1e-07,1.0
6e-08,1.0
0.4426,0.557
0.07184,0.928
0.002153,0.998
0.0,1.0
1.8e-06,1.0
0.0002217,1.0
1.0,9.5e-07
0.0002226,1.0
0.6606,0.3394
0.5923,0.408
0.9014,0.09875
0.0,1.0
1.0,1.234e-05
0.0,1.0
0.03366,0.9663
3.9e-06,1.0
0.00549,0.9946
6.6e-07,1.0
8.48e-05,1.0
0.001821,0.998
0.0,1.0
0.8022,0.1976
3.6e-07,1.0
0.3135,0.6865
0.0,1.0
0.987,0.01333
0.0,1.0
3.6e-07,1.0
0.8022,0.1976
0.001999,0.998
0.8022,0.1976
0.0,1.0
0.0004702,0.9995
1.0,4e-06
0.000323,0.9995
3.76e-06,1.0
0.7314,0.2686
0.9746,0.02525
0.0006933,0.9995
1.0,0.0001085
0.005436,0.9946
0.0,1.0
0.013794,0.9863
0.8022,0.1976
0.3613,0.6387
0.0157,0.9844
4.524e-05,1.0
0.6094,0.3906
2e-07,1.0
1.0,1.55e-06
0.998,0.001926
0.002342,0.9976
0.09064,0.909
3.46e-06,1.0
9.5e-07,1.0
6e-07,1.0
6e-08,1.0
4e-07,1.0
0.8022,0.1976
1.0,1e-07
0.922,0.07825
0.002758,0.997
0.0,1.0
1.0,1.866e-05
0.03622,0.964
0.0,1.0
0.0,1.0
1.0,6.71e-05
0.000344,0.9995
0.9995,0.00032
2.54e-05,1.0
1.0,7.34e-05
0.1744,0.8257
0.003075,0.997
0.962,0.038
0.001893,0.998
0.000554,0.9995
2.4e-06,1.0
9.8e-05,1.0
0.001579,0.9985
0.6724,0.3276
0.0003164,0.9995
7.6e-06,1.0
1.25e-06,1.0
0.0,1.0
0.8022,0.1976
4.023e-05,1.0
0.0004907,0.9995
0.8022,0.1976
0.0031,0.997
1.0,6.6e-07
0.001343,0.9985
1.13e-05,1.0
1.0,0.0001774
2e-07,1.0
1.77e-05,1.0
0.001224,0.9985
0.9995,0.0005894
2e-07,1.0
0.0003448,0.9995
0.0,1.0
0.8975,0.1023
0.0001477,1.0
0.000513,0.9995
0.9985,0.0015545
0.01688,0.983
3.08e-05,1.0
6e-07,1.0
1.97e-06,1.0
0.97,0.02995
0.0003207,0.9995
0.725,0.275
0.8022,0.1976
0.2231,0.777
1.0,6e-07
1.0,8.315e-05
0.4504,0.5493
0.0,1.0
0.1036,0.8965
8.714e-05,1.0
0.001225,0.9985
0.8022,0.1976
2.47e-05,1.0
1.0,6e-08
0.0,1.0
0.0,1.0
1e-07,1.0
0.9995,0.000312
0.9976,0.002525
5.69e-05,1.0
1.59e-05,1.0
0.0001994,1.0
1.0,0.0
0.0005326,0.9995
0.9995,0.0003374
0.01229,0.988
0.0001023,1.0
0.984,0.0159
0.0003726,0.9995
0.002487,0.9976
2e-07,1.0
0.8022,0.1976
5.16e-05,1.0
0.9917,0.00849
1.0,1.186e-05
0.4883,0.5117
3.374e-05,1.0
0.0018425,0.998
1.0,1.25e-06
0.0002658,0.9995
0.02371,0.976
0.0004084,0.9995
0.9785,0.02142
6e-07,1.0
0.0,1.0
0.7876,0.2125
1e-07,1.0
0.9385,0.06137
0.8022,0.1976
0.0006704,0.9995
6.44e-06,1.0
0.2646,0.7354
7.695e-05,1.0
1.484e-05,1.0
0.0001334,1.0
0.0,1.0
4.25e-05,1.0
6e-08,1.0
0.0,1.0
0.005653,0.994
4.035e-05,1.0
1.51e-05,1.0
0.03085,0.969
6e-08,1.0
0.8022,0.1976
1.8e-06,1.0
0.9995,0.0002582
0.01045,0.9897
0.9497,0.0502
4.35e-06,1.0
0.00393,0.996
0.0,1.0
0.004913,0.995
0.0,1.0
0.01976,0.9805
1.59e-05,1.0
0.903,0.0971
0.756,0.2439
0.001257,0.9985
0.0001031,1.0
0.9424,0.05756
0.5,0.4998
3.254e-05,1.0
1.0,7.2e-06
5.07e-06,1.0
6e-08,1.0
0.002449,0.9976
0.00271,0.997
0.8022,0.1976
0.0012865,0.9985
0.0002892,0.9995
2e-07,1.0
1.204e-05,1.0
0.8022,0.1976
1.42e-05,1.0
0.1566,0.8433
4e-07,1.0
7.933e-05,1.0
0.0,1.0
2.7e-06,1.0
0.8965,0.10345
1.0,4.74e-05
0.9097,0.0903
0.8022,0.1976
1.0,3.45e-05
1.0,0.0001329
0.00092,0.999
2.44e-06,1.0
1.0,1.436e-05
8.3e-07,1.0
0.0006227,0.9995
0.8022,0.1976
1.0,1.425e-05
0.9995,0.0007253
0.8022,0.1976
0.0,1.0
0.0001674,1.0
0.0004256,0.9995
0.0003288,0.9995
1.0,2.74e-06
0.8022,0.1976
0.0002034,1.0
0.9634,0.03677
1.0,1e-07
3.48e-05,1.0
1.0,3.16e-06
0.8022,0.1976
1.0,4.65e-06
0.0001559,1.0
1.1e-06,1.0
0.0001102,1.0
0.4485,0.5513
0.949,0.05075
0.9927,0.007164
0.42,0.58
0.999,0.0009565
0.8022,0.1976
6e-08,1.0
0.8022,0.1976
0.9575,0.04245
0.0,1.0
1.9e-06,1.0
3.6e-07,1.0
0.827,0.1729
2.15e-06,1.0
1.0,3.22e-05
1.0,6.26e-06
1.0,5.805e-05
0.0001442,1.0
2.6e-06,1.0
0.0,1.0
0.0003633,0.9995
1.0,0.0001366
0.003672,0.996
0.0,1.0
1.0,3e-07
0.8774,0.1226
1e-07,1.0
1.0,6e-07
0.0,1.0
0.0,1.0
7e-07,1.0
0.8022,0.1976
0.0,1.0
3.96e-05,1.0
0.000629,0.9995
0.000277,0.9995
0.0008936,0.999
2.354e-05,1.0
0.4023,0.5977
0.8022,0.1976
4e-06,1.0
0.0,1.0
0.0,1.0
0.8022,0.1976
0.07794,0.922
0.005386,0.9946
1.0,1.63e-05
0.001026,0.999
0.962,0.0379
0.000135,1.0
0.9126,0.08734
0.0009327,0.999
0.8022,0.1976
0.9956,0.004566
1.0,7.06e-05
0.634,0.366
0.0209,0.979
3.6e-07,1.0
0.0003176,0.9995
0.012924,0.9873
0.8022,0.1976
1.0,2.7e-06
1.14e-05,1.0
0.0,1.0
0.001305,0.9985
1.0,7.904e-05
1.0,2.015e-05
0.9985,0.001243
0.004974,0.995
0.997,0.002993
0.0,1.0
0.721,0.279
0.8022,0.1976
1.0,0.0001904
0.9824,0.01755
6e-08,1.0
2.3e-06,1.0
0.0,1.0
1.13e-06,1.0
0.0001459,1.0
0.9956,0.004635
1e-07,1.0
5.716e-05,1.0
0.9995,0.000297
0.0,1.0
6e-08,1.0
8e-07,1.0
0.9985,0.001658
0.00010353,1.0
1.0,8.35e-05
0.8022,0.1976
0.0,1.0
0.611,0.3892
0.0375,0.9624
0.0,1.0
0.001601,0.9985
0.0002115,1.0
0.0,1.0
0.000787,0.999
0.9985,0.001346
2.9e-06,1.0
0.7407,0.2593
0.9785,0.02162
0.8496,0.1506
6e-08,1.0
1.0,1.884e-05
0.0,1.0
0.8022,0.1976
1.0,1.544e-05
0.8022,0.1976
0.002522,0.9976
0.00279,0.997
3.06e-05,1.0
1.0,1.94e-05
0.02948,0.9707
9.03e-05,1.0
0.8022,0.1976
0.0,1.0
0.0,1.0
0.004673,0.995
3e-07,1.0
1.01e-05,1.0
1.43e-06,1.0
0.0,1.0
0.0,1.0
0.002108,0.998
0.0,1.0
1.0,5.025e-05
0.001285,0.9985
0.0003145,0.9995
0.998,0.0018635
0.826,0.1736
1.0,6.896e-05
0.0001687,1.0
1.0,8e-07
0.0005713,0.9995
1e-06,1.0
0.9995,0.0004356
0.856,0.1442
2.146e-05,1.0
0.491,0.5093
1.0,2.48e-05
0.943,0.057
1.0,2.17e-05
1.01e-05,1.0
0.0,1.0
8.05e-06,1.0
1.0,4.7e-06
0.0733,0.927
6.6e-07,1.0
0.918,0.0818
0.9834,0.01646
0.8022,0.1976
0.8516,0.1484
0.8975,0.1024
0.4502,0.55
0.0,1.0
0.0,1.0
0.8022,0.1976
4.613e-05,1.0
0.0,1.0
0.0,1.0
0.8022,0.1976
1.0,0.0002131
0.0004804,0.9995
4.1e-06,1.0
0.0003333,0.9995
0.1481,0.852
2e-07,1.0
0.0,1.0
0.0,1.0
0.000181,1.0
0.9194,0.0804
0.6743,0.3257
6e-08,1.0
4.184e-05,1.0
0.9995,0.0002623
9e-07,1.0
0.0,1.0
0.9995,0.0003295
0.000243,1.0
0.0,1.0
0.0,1.0
8e-07,1.0
0.8022,0.1976
0.000338,0.9995
0.001846,0.998
0.9937,0.00635
0.004738,0.995
0.014114,0.986
0.0,1.0
0.0002623,0.9995
0.0,1.0
0.943,0.0572
0.0,1.0
0.8022,0.1976
0.9946,0.005352
0.599,0.401
0.0,1.0
0.3162,0.684
1e-07,1.0
0.0,1.0
6.6e-06,1.0
0.0013,0.9985
0.0,1.0
0.862,0.1383
0.8022,0.1976
1.0,4.58e-05
1.0,2.86e-05
1.37e-05,1.0
0.8022,0.1976
0.8774,0.1226
0.0,1.0
9e-07,1.0
0.000543,0.9995
6.133e-05,1.0
1.11e-05,1.0
0.9814,0.01839
6.455e-05,1.0
9.5e-07,1.0
0.0,1.0
2.97e-05,1.0
0.000536,0.9995
0.0,1.0
0.01715,0.983
0.9995,0.0003998
0.0,1.0
4.613e-05,1.0
0.881,0.11896
7e-07,1.0
0.03056,0.969
0.983,0.01712
0.8022,0.1976
0.9995,0.000406
0.8022,0.1976
0.0,1.0
0.0,1.0
0.00011915,1.0
1.0,1.97e-06
1.0,1.127e-05
0.0,1.0
0.003069,0.997
2.1e-06,1.0
0.0,1.0
5.4e-07,1.0
0.9546,0.04556
2.5e-06,1.0
1.0,4.79e-05
1.0,4.184e-05
7.087e-05,1.0
0.746,0.254
1.0,4.774e-05
0.010506,0.9893
1.0,3.52e-05
0.0041,0.996
0.9995,0.0004416
2.74e-06,1.0
0.10846,0.8916
6e-08,1.0
0.000338,0.9995
0.0,1.0
0.0,1.0
0.002253,0.9976
0.9775,0.02248
1.0,0.0
0.9927,0.007275
1.895e-05,1.0
0.001883,0.998
0.0,1.0
0.01224,0.988
0.9985,0.0013
0.0005035,0.9995
0.000403,0.9995
4.685e-05,1.0
0.8022,0.1976
7e-07,1.0
6e-06,1.0
0.00629,0.9937
0.00925,0.9907
0.812,0.1882
3.07e-05,1.0
1.25e-06,1.0
1.0,1.67e-06
0.0012665,0.9985
1.0,1.9e-06
0.0001089,1.0
0.00759,0.992
2.6e-05,1.0
2.81e-05,1.0
1.0,1e-07
1.0,1.1e-06
1.0,2.4e-07
0.0,1.0
0.0,1.0
0.09656,0.9033
0.0006413,0.9995
3e-07,1.0
0.0003138,0.9995
0.0,1.0
2.15e-05,1.0
1e-07,1.0
0.8022,0.1976
1.0,1.4e-06
0.945,0.05536
7.5e-06,1.0
0.000871,0.999
3.93e-06,1.0
1.0,8.154e-05
1.0,0.00011146
0.0,1.0
1.6e-06,1.0
0.0,1.0
0.0,1.0
0.0,1.0
0.9634,0.0368
1.0,1.4e-06
0.0,1.0
0.003344,0.9966
0.999,0.0009475
8.3e-07,1.0
4.45e-05,1.0
1.0,3.6e-07
1.7e-06,1.0
1.0,6e-08
4e-06,1.0
1.55e-06,1.0
0.982,0.01813
